key,doi,status,title,authors,year,container,volume,issue,page,type,publisher
kenstowicz2004_qss,10.1002/9780470756171.ch9,found,Quality‐Sensitive Stress,"Kenstowicz, Michael",2004,Optimality Theory in Phonology,,,191-201,other,Wiley
walker2004_unbounded,10.1002/9780470756171.ch10,found,Unbounded Stress and Factorial Typology,"Baković, Eric",2004,Optimality Theory in Phonology,,,202-214,other,Wiley
delacy2004,10.1017/s0952675704000193,found,Markedness conflation in Optimality Theory,"de Lacy, Paul",2004,Phonology,21,2,145-199,journal-article,Cambridge University Press (CUP)
delacy2002_tone,10.1017/s0952675702004220,found,The interaction of tone and stress in Optimality Theory,"de Lacy, Paul",2002,Phonology,19,1,1-32,journal-article,Cambridge University Press (CUP)
delacy2006,10.1017/cbo9780511486388,found,Markedness,"de Lacy, Paul",2006,,,,,monograph,Cambridge University Press
delacy2007,10.1017/cbo9780511486371.013,found,"The interaction of tone, sonority, and prosodic structure","de Lacy, Paul",2007,The Cambridge Handbook of Phonology,,,281-308,book-chapter,Cambridge University Press
savelyev2020,10.1093/oso/9780198804628.003.0028,found,Chuvash and the Bulgharic languages,"Savelyev, Alexander",2020,The Oxford Guide to the Transeurasian Languages,,,446-464,book-chapter,Oxford University Press
johanson2000,10.1163/9789004488472_016,found,Linguistic Convergence in the Volga Area,"Johanson, Lars",2000,Languages in Contact,,,165-178,book-chapter,BRILL
agyagasi2019,10.2307/j.ctvh4zh9k,found,Chuvash Historical Phonetics,"Agyagási, Klára",2019,,,,,monograph,"Harrassowitz, O"
agyagasi2019_review_jots,10.35236/jots.581515,found,"AGYAGÁSI, K. Chuvash Historical Phonetics, an Areal Linguistic Study, with an Appendix on the Role of Proto-Mari in the History of Chuvash Vocalism, Harrassowitz Verlag, Wiesbaden, 2019, XII+334 pp. ISBN: 978-3-447-11163-8","PİİSPANEN, Peter",2019,Journal of Old Turkic Studies,3,2,624-633,journal-article,Journal of Old Turkic Studies
riese2022_mari,10.1093/oso/9780198767664.003.0024,found,Mari,"Saarinen, Sirkka",2022,The Oxford Guide to the Uralic Languages,,,432-470,book-chapter,Oxford University PressOxford
gordon2002,10.1023/a:1015810531699,found,A Factorial Typology of Quantity-Insensitive Stress,"Gordon, Matthew",2002,Natural Language &amp; Linguistic Theory,20,3,491-552,journal-article,Springer Science and Business Media LLC
volgakama2011,10.1163/9789401200431_013,found,AREAL FEATURES IN THE VOLGA-KAMA REGION: ON SOME NON-LEXICAL TURKIC INFLUENCES IN MORDVIN,"Van Pareren, Remco",2011,Language Contact in Times of Globalization,,,251-265,book-chapter,BRILL
volgabulgar_permic2021,10.3765/ptu.v6i1.5053,found,Volga Bulgarian-Permic linguistic contact: Mutual influences on morphology,"Kreidl, Julian",2021,Proceedings of the Workshop on Turkic and Languages in Contact with Turkic,6,1,5053,journal-article,Linguistic Society of America
fu_turkic_negation2015,10.1075/tsl.108.23man,found,Mutual influences in negative patterns between Finno-Ugric and Turkic languages in the Volga-Kama area,"Manzelli, Gianguido",2015,Typological Studies in Language,,,633-652,book-chapter,John Benjamins Publishing Company
chuvash_knowledge2015,10.1558/sols.v9i4.26771,found,Factors affecting the knowledge of Chuvash language amongst school students in Russia,"Alòs i Font, Hèctor; Tovar-García, Edgar Demetrio",2015,Sociolinguistic Studies,9,4,345-372,journal-article,University of Toronto Press Inc. (UTPress)
culver2022,10.33339/fuf.110845,found,Some details of Mari historical phonology,"Culver, Christopher",2022,Finnisch-Ugrische Forschungen,,67,,journal-article,Finnisch-Ugrische Forschungen
surendran_niyogi2006,10.1075/cilt.279.05sur,found,"Quantifying the functional load of phonemic oppositions, distinctive features, and suprasegmentals","Surendran, Dinoj; Niyogi, Partha",2006,Current Issues in Linguistic Theory,,,43-58,book-chapter,John Benjamins Publishing Company
hockett1967,10.1080/00437956.1967.11435484,found,The Quantification of Functional Load,"Hockett, Charles F.",1967,&lt;i&gt;WORD&lt;/i&gt;,23,1-3,300-320,journal-article,Informa UK Limited
wedel2013,10.1016/j.cognition.2013.03.002,found,High functional load inhibits phonological contrast loss: A corpus study,"Wedel, Andrew; Kaplan, Abby; Jackson, Scott",2013,Cognition,128,2,179-186,journal-article,Elsevier BV
rounding_harmony_hb2024,10.1093/oxfordhb/9780198826804.013.5,found,Rounding Harmony,"Kaun, Abigail; McCollum, Adam G.",2024,The Oxford Handbook of Vowel Harmony,,,61-67,book-chapter,Oxford University Press
kabak2011,10.1002/9781444335262.wbctp0118,found,Turkish Vowel Harmony,"Kabak, Bariş",2011,The Blackwell Companion to Phonology,,,1-24,other,Wiley
mielke2008,10.1093/oso/9780199207916.001.0001,found,The Emergence of Distinctive Features,"Mielke, Jeff",2008,,,,,edited-book,Oxford University PressOxford
schiering_hulst2010,10.1515/9783110198966.1.509,found,10. Word accent systems in the languages of Asia,"Schiering, René; Hulst, Harry",2010,A Survey of Word Accentual Patterns in the Languages of the World,,,509-614,book-chapter,DE GRUYTER MOUTON
sebeok_review1963,10.2307/538538,found,An Eastern Cheremis Manual,"Olmsted, D. L.; Sebeok, Thomas A.; Ingemann, Frances J.",1963,The Journal of American Folklore,76,301,262,journal-article,University of Illinois Press
sebeok_review1962,10.2307/596032,found,An Eastern Cheremis Manual: Phonology; Grammar; Texts; And Glossary,"S., E. H.; Sebeok, Thomas A.; Ingemann, Frances J.",1962,Journal of the American Oriental Society,82,1,140,journal-article,JSTOR
uralic_languages_2ed2023,10.4324/9781315625096,found,The Uralic Languages,"Abondolo, Daniel; Valijärvi, Riitta-Liisa",2023,,,,,book,Routledge
uralic_languages_1998reprint,10.4324/9781315003283,found,The Uralic Languages,"Abondolo, Daniel",2015,,,,,book,Routledge
shih_delacy2019,10.5565/rev/catjl.232,found,Els assoliments de la sintaxi generativa: una gràfica temporal,"D’Alessandro, Roberta",2019,Catalan Journal of Linguistics,,,7,journal-article,Universitat Autonoma de Barcelona
gordon2011_companion,10.1002/9781444335262.wbctp0039,found,Stress: Phonotactic and Phonetic Evidence,"Gordon, Matthew",2011,The Blackwell Companion to Phonology,,,1-25,other,Wiley
hyman2006,10.1017/s0952675706000893,found,<i>Word-prosodic typology</i>,"Hyman, Larry M.",2006,Phonology,23,2,225-257,journal-article,Cambridge University Press (CUP)
pozdniakov_segerer2007,10.1515/lingty.2007.025,found,Similar Place Avoidance: A statistical universal,"Pozdniakov, Konstantin; Segerer, Guillaume",2007,Linguistic Typology,11,2,,journal-article,Walter de Gruyter GmbH
frisch2004,10.1023/b:nala.0000005557.78535.3c,found,Similarity Avoidance and the OCP,"Frisch, Stefan A.; Pierrehumbert, Janet B.; Broe, Michael B.",2004,Natural Language &amp; Linguistic Theory,22,1,179-228,journal-article,Springer Science and Business Media LLC
glossa2024_cooccurrence,10.16995/glossa.9373,found,Investigating the universality of consonant and vowel co-occurrence restrictions,"Doucette, Amanda; O'Donnell, Timothy J; Sonderegger, Morgan; Goad, Heather",2024,Glossa: a journal of general linguistics,9,1,,journal-article,Open Library of the Humanities
transeurasian_guide2020,10.1093/oso/9780198804628.001.0001,found,The Oxford Guide to the Transeurasian Languages,"Robbeets, Martine; Savelyev, Alexander",2020,,,,,edited-book,Oxford University Press
uralic_guide2022_book,10.1093/oso/9780198767664.001.0001,found,The Oxford Guide to the Uralic Languages,"Bakró-Nagy, Marianne; Laakso, Johanna; Skribnik, Elena",2022,,,,,edited-book,Oxford University PressOxford
