set,x,y,kind,FL,FL_lo,FL_hi,H_bits,n_types,n_tokens
mono_dict_tokens,a,ɵ,vowel,0.005167941477607128,0.0051402363854434795,0.005186510598870489,9.55492874690796,13139,10831830.0
mono_dict_tokens,e,ø,vowel,0.0010051727828110542,0.0009919613925479375,0.0010141814431852544,9.55492874690796,13139,10831830.0
mono_dict_tokens,u,y,vowel,0.0002773182700906571,0.00027124250596433655,0.00028276422874802255,9.55492874690796,13139,10831830.0
mono_dict_tokens,ʉ,u,vowel,0.0007695909714541295,0.0007615380047485944,0.0007792697352052691,9.55492874690796,13139,10831830.0
mono_dict_tokens,ʉ,i,vowel,0.00022245209243728923,0.00021895546430429928,0.00022526329192539395,9.55492874690796,13139,10831830.0
mono_dict_tokens,ɵ,ø,vowel,0.0017377988012303876,0.001724794343038151,0.0017510352034073688,9.55492874690796,13139,10831830.0
mono_dict_tokens,u,ʉ,vowel,0.0007695909714541295,0.0007615380047485897,0.0007792697352052645,9.55492874690796,13139,10831830.0
mono_dict_tokens,a,e,vowel,0.00801284611251277,0.007992680790170402,0.008031399109228617,9.55492874690796,13139,10831830.0
mono_dict_tokens,ʉ,ɵ,vowel,0.0003829659470062632,0.00037828208987987386,0.00038778196576075464,9.55492874690796,13139,10831830.0
mono_dict_tokens,ʉ,ø,vowel,0.0004629609797022931,0.00045476123812235536,0.0004708279050294868,9.55492874690796,13139,10831830.0
mono_dict_tokens,i,e,vowel,0.000876351853339544,0.0008677964092187093,0.0008853686686159991,9.55492874690796,13139,10831830.0
mono_dict_tokens,i,y,vowel,0.0002924489560986958,0.0002866592934528793,0.000297658510095537,9.55492874690796,13139,10831830.0
mono_dict_tokens,u,ɵ,vowel,0.002072844203096152,0.0020584669532043394,0.0020846122448249117,9.55492874690796,13139,10831830.0
mono_dict_tokens,y,ø,vowel,0.00045102213749283535,0.000444491084119882,0.0004572033012579639,9.55492874690796,13139,10831830.0
mono_dict_tokens,a,u,vowel,0.006037811142456075,0.00601600501012477,0.006054820913866073,9.55492874690796,13139,10831830.0
mono_dict_tokens,i,ø,vowel,0.0011501271121838275,0.0011399076209887221,0.0011608949685784694,9.55492874690796,13139,10831830.0
mono_dict_tokens,e,y,vowel,0.00036238212375221205,0.0003545408822656592,0.0003691615662291213,9.55492874690796,13139,10831830.0
mono_dict_tokens,s,ɕ,consonant_ref,0.0013433926009390528,0.001331796262458921,0.0013539425472364002,9.55492874690796,13139,10831830.0
mono_dict_tokens,p,t,consonant_ref,0.003193089280210604,0.0031737554531025814,0.003209286538573319,9.55492874690796,13139,10831830.0
mono_dict_tokens,t,k,consonant_ref,0.0021995031528110865,0.0021845902156089137,0.0022104534485340127,9.55492874690796,13139,10831830.0
mono_dict_tokens,l,r,consonant_ref,0.0036708940381081096,0.0036524659102082574,0.0036845620897361293,9.55492874690796,13139,10831830.0
mono_dict_tokens,ʃ,s,consonant_ref,0.0006572516727426177,0.0006491591587221556,0.0006641448459992781,9.55492874690796,13139,10831830.0
mono_dict_tokens,tʲ,t,consonant_ref,0.00012958629485100825,0.00012513420856501373,0.00013335801100010833,9.55492874690796,13139,10831830.0
mono_freq5_tokens_SENS,a,ɵ,vowel,0.00408387234432995,,,12.615194276985033,116462,22894249.0
mono_freq5_tokens_SENS,e,ø,vowel,0.0022573102771704353,,,12.615194276985033,116462,22894249.0
mono_freq5_tokens_SENS,u,y,vowel,0.00042075267415760164,,,12.615194276985033,116462,22894249.0
mono_freq5_tokens_SENS,ʉ,u,vowel,0.0006419338841003612,,,12.615194276985033,116462,22894249.0
mono_freq5_tokens_SENS,ʉ,i,vowel,0.00021674703371465503,,,12.615194276985033,116462,22894249.0
mono_freq5_tokens_SENS,ɵ,ø,vowel,0.0013065784356854136,,,12.615194276985033,116462,22894249.0
mono_freq5_tokens_SENS,u,ʉ,vowel,0.000641933884100502,,,12.615194276985033,116462,22894249.0
mono_freq5_tokens_SENS,a,e,vowel,0.004096372213940766,,,12.615194276985033,116462,22894249.0
mono_freq5_tokens_SENS,ʉ,ɵ,vowel,0.0003892629731986251,,,12.615194276985033,116462,22894249.0
mono_freq5_tokens_SENS,ʉ,ø,vowel,0.0002805644571423644,,,12.615194276985033,116462,22894249.0
mono_freq5_tokens_SENS,i,e,vowel,0.0028726951998731447,,,12.615194276985033,116462,22894249.0
mono_freq5_tokens_SENS,i,y,vowel,0.0005599221234349538,,,12.615194276985033,116462,22894249.0
mono_freq5_tokens_SENS,u,ɵ,vowel,0.002086988035079733,,,12.615194276985033,116462,22894249.0
mono_freq5_tokens_SENS,y,ø,vowel,0.0006548536541626789,,,12.615194276985033,116462,22894249.0
mono_freq5_tokens_SENS,a,u,vowel,0.00400830088503461,,,12.615194276985033,116462,22894249.0
mono_freq5_tokens_SENS,i,ø,vowel,0.002357204646980027,,,12.615194276985033,116462,22894249.0
mono_freq5_tokens_SENS,e,y,vowel,0.00044779321559040055,,,12.615194276985033,116462,22894249.0
mono_freq5_tokens_SENS,s,ɕ,consonant_ref,0.0013382418322905986,,,12.615194276985033,116462,22894249.0
mono_freq5_tokens_SENS,p,t,consonant_ref,0.0028987345321666498,,,12.615194276985033,116462,22894249.0
mono_freq5_tokens_SENS,t,k,consonant_ref,0.0016545203925793536,,,12.615194276985033,116462,22894249.0
mono_freq5_tokens_SENS,l,r,consonant_ref,0.002825313798988214,,,12.615194276985033,116462,22894249.0
mono_freq5_tokens_SENS,ʃ,s,consonant_ref,0.0005171182726763509,,,12.615194276985033,116462,22894249.0
mono_freq5_tokens_SENS,tʲ,t,consonant_ref,0.00013490845158615987,,,12.615194276985033,116462,22894249.0
zheltov_types,a,ɵ,vowel,0.010434788268686832,,,14.21249638519395,18984,18984.0
zheltov_types,e,ø,vowel,0.0023194598597217784,,,14.21249638519395,18984,18984.0
zheltov_types,u,y,vowel,0.00035580589613466663,,,14.21249638519395,18984,18984.0
zheltov_types,ʉ,u,vowel,0.0006078350725632066,,,14.21249638519395,18984,18984.0
zheltov_types,ʉ,i,vowel,0.00011118934254221613,,,14.21249638519395,18984,18984.0
zheltov_types,ɵ,ø,vowel,0.00161874962644626,,,14.21249638519395,18984,18984.0
zheltov_types,u,ʉ,vowel,0.0006078350725632066,,,14.21249638519395,18984,18984.0
zheltov_types,a,e,vowel,0.0009664388168662668,,,14.21249638519395,18984,18984.0
zheltov_types,ʉ,ɵ,vowel,0.0006226603182355105,,,14.21249638519395,18984,18984.0
zheltov_types,ʉ,ø,vowel,0.00012601458821439495,,,14.21249638519395,18984,18984.0
zheltov_types,i,e,vowel,0.0005930098268910278,,,14.21249638519395,18984,18984.0
zheltov_types,i,y,vowel,0.0003780437646429349,,,14.21249638519395,18984,18984.0
zheltov_types,u,ɵ,vowel,0.0021302206021395543,,,14.21249638519395,18984,18984.0
zheltov_types,y,ø,vowel,0.0006448981867439036,,,14.21249638519395,18984,18984.0
zheltov_types,a,u,vowel,0.0028503708557549474,,,14.21249638519395,18984,18984.0
zheltov_types,i,ø,vowel,0.0009636409686976233,,,14.21249638519395,18984,18984.0
zheltov_types,e,y,vowel,0.00040028163315132813,,,14.21249638519395,18984,18984.0
zheltov_types,s,ɕ,consonant_ref,0.001341684733340558,,,14.21249638519395,18984,18984.0
zheltov_types,p,t,consonant_ref,0.0027696680093866753,,,14.21249638519395,18984,18984.0
zheltov_types,t,k,consonant_ref,0.003662125514732053,,,14.21249638519395,18984,18984.0
zheltov_types,l,r,consonant_ref,0.0036053325465304716,,,14.21249638519395,18984,18984.0
zheltov_types,ʃ,s,consonant_ref,0.0013861604703573446,,,14.21249638519395,18984,18984.0
zheltov_types,tʲ,t,consonant_ref,8.895147403369791e-05,,,14.21249638519395,18984,18984.0
