set,x,y,n_minimal_pairs,sum_min_token_freq
zheltov_types,a,e,71,
zheltov_types,a,y,42,
zheltov_types,a,ɵ,1277,
zheltov_types,e,y,53,
zheltov_types,e,ɵ,57,
zheltov_types,y,ɵ,37,
zheltov_types,a,ʉ,77,
zheltov_types,ɵ,ʉ,84,
zheltov_types,a,u,363,
zheltov_types,e,u,48,
zheltov_types,u,ɵ,280,
zheltov_types,a,i,154,
zheltov_types,a,ø,92,
zheltov_types,e,i,76,
zheltov_types,e,ø,292,
zheltov_types,i,y,50,
zheltov_types,i,ø,128,
zheltov_types,y,ø,86,
zheltov_types,i,ɵ,82,
zheltov_types,i,u,66,
zheltov_types,u,ø,72,
zheltov_types,ø,ɵ,90,
zheltov_types,i,ʉ,15,
zheltov_types,u,ʉ,82,
zheltov_types,ø,ʉ,17,
zheltov_types,e,ʉ,13,
zheltov_types,u,y,45,
zheltov_types,y,ʉ,6,
mono_dict,a,e,64,332418.0
mono_dict,a,y,37,26828.0
mono_dict,a,ɵ,778,129064.0
mono_dict,e,y,37,8313.0
mono_dict,e,ɵ,47,27471.0
mono_dict,y,ɵ,29,6275.0
mono_dict,a,ʉ,60,19494.0
mono_dict,ɵ,ʉ,65,11795.0
mono_dict,a,u,283,204745.0
mono_dict,e,u,44,25090.0
mono_dict,u,ɵ,215,58184.0
mono_dict,a,i,144,51890.0
mono_dict,a,ø,80,89862.0
mono_dict,e,i,67,27576.0
mono_dict,e,ø,194,23853.0
mono_dict,i,y,38,7682.0
mono_dict,i,ø,96,29108.0
mono_dict,y,ø,59,14151.0
mono_dict,i,ɵ,70,19750.0
mono_dict,i,u,59,28187.0
mono_dict,u,ø,69,105393.0
mono_dict,ø,ɵ,77,36479.0
mono_dict,i,ʉ,15,8997.0
mono_dict,u,ʉ,66,21833.0
mono_dict,ø,ʉ,17,8223.0
mono_dict,e,ʉ,13,2061.0
mono_dict,u,y,37,8078.0
mono_dict,y,ʉ,6,1161.0
mono_freq5_SENS,a,e,1411,392607.0
mono_freq5_SENS,a,i,3544,378122.0
mono_freq5_SENS,a,u,2679,335678.0
mono_freq5_SENS,a,y,187,33950.0
mono_freq5_SENS,a,ø,2253,296084.0
mono_freq5_SENS,a,ɵ,4477,273865.0
mono_freq5_SENS,a,ʉ,935,128526.0
mono_freq5_SENS,e,i,2829,250956.0
mono_freq5_SENS,e,u,565,60583.0
mono_freq5_SENS,e,y,416,28950.0
mono_freq5_SENS,e,ø,2683,151780.0
mono_freq5_SENS,e,ɵ,591,61124.0
mono_freq5_SENS,e,ʉ,148,8000.0
mono_freq5_SENS,i,u,877,65149.0
mono_freq5_SENS,i,y,397,39428.0
mono_freq5_SENS,i,ø,1888,153768.0
mono_freq5_SENS,i,ɵ,1922,152539.0
mono_freq5_SENS,i,ʉ,214,19067.0
mono_freq5_SENS,u,y,393,31436.0
mono_freq5_SENS,u,ø,959,175197.0
mono_freq5_SENS,u,ɵ,1699,167266.0
mono_freq5_SENS,u,ʉ,593,49139.0
mono_freq5_SENS,y,ø,611,48361.0
mono_freq5_SENS,y,ɵ,124,11666.0
mono_freq5_SENS,y,ʉ,47,4803.0
mono_freq5_SENS,ø,ɵ,1031,87313.0
mono_freq5_SENS,ø,ʉ,150,17403.0
mono_freq5_SENS,ɵ,ʉ,462,29383.0
