spk,corpus,gender_metadata,age_metadata,age_dec,f0_median_Hz,accents,reduced_centralisation,reduced_dispersion_ratio,vowel_space_area,reduced_backness_sep,y_F2_rel,y_F1_rel
chv_voice_1,chuvash_voice,male_masculine,,,201.12326298756415,,0.5312667778349998,1.0034714208840922,1.3922481962465825,0.9506324958751811,0.3224717179132896,0.08933129097012636
chv_voice_10,chuvash_voice,,,,228.94238741085564,,0.6904832540292555,0.8411893680230609,1.6320485750222828,1.252748525535281,0.7911636640974042,0.238681539404558
chv_voice_2,chuvash_voice,male_masculine,,,252.74685745758015,,0.43763282655135977,0.9781167938389239,1.8207042837713217,0.8326764204730198,0.5367308022350584,0.1452791937076829
chv_voice_3,chuvash_voice,,,,172.01505361479605,,0.46813834366585727,1.0446060433795938,1.6709264164062128,0.8843996556649103,0.625254762775842,0.09717909555212738
chv_voice_4,chuvash_voice,male_masculine,,,146.37813824065427,,0.5372898150807511,0.979823577342958,1.6019275007840401,1.088029734473385,0.48670558248384527,0.06099053897915447
chv_voice_5,chuvash_voice,,,,128.58456170372355,,0.4893309493460824,1.156936329195259,1.6810457879953216,0.8011742550404488,0.3851842432147156,0.06195072904458707
chv_voice_6,chuvash_voice,male_masculine,,,242.13305106168949,,0.5810995752945473,0.7360135755293324,3.0231365661090224,1.5091940602490361,,
chv_voice_7,chuvash_voice,,,,109.38930461327404,,,,,,,
chv_voice_8,chuvash_voice,,,,109.7333138634663,,,,,,,
chv_voice_9,chuvash_voice,,,,302.4864771419736,,,,,,,
chv_voice_main,chuvash_voice,male_masculine,,,226.5037184101461,,0.5047598661315658,1.0702074833628865,2.7211638507013296,1.2759363070439262,0.43706835614691025,0.098053781204814
cv_1,common_voice_chuvash,male_masculine,twenties,2.0,127.44499305969345,,,,,,,
cv_10,common_voice_chuvash,,,,146.75546895884324,,,,,,,
cv_100,common_voice_chuvash,,,,131.09771575094578,,0.5446918334368215,1.3678780911729678,2.4713321395470307,1.2297474695443071,0.4608308482407901,0.0859921229756266
cv_101,common_voice_chuvash,female_feminine,teens,1.0,242.04646286471348,,0.3275457435162452,0.8812375396864571,1.0617988737564108,0.3493352969916518,0.5010337611118499,0.3977121213596684
cv_102,common_voice_chuvash,,,,213.81675087722812,,0.5773559230982465,1.1313579047370264,1.9893878208769282,1.3906654557909484,0.35434550206052673,0.1270465590056329
cv_103,common_voice_chuvash,male_masculine,teens,1.0,123.0071236780164,,0.529507038660971,1.3403932673908312,2.2350600368548257,1.197912179517524,0.39525505014006773,0.2153144323807659
cv_104,common_voice_chuvash,male_masculine,twenties,2.0,131.31290055016382,,0.48637126354464016,1.5066261033784667,2.8092930051318623,1.0892643625238059,0.5650052394414029,0.08128607116454888
cv_105,common_voice_chuvash,female_feminine,twenties,2.0,259.0217021018615,,0.6842805591643846,0.8576919846703447,0.8541732893870422,0.48309350899539416,0.5550912134138192,0.29837873424690614
cv_106,common_voice_chuvash,male_masculine,fourties,4.0,185.06987543351494,,0.5825593124274734,1.0025246185166898,1.795832491110147,1.3059403744809872,0.4724117958822481,0.04366736772857287
cv_107,common_voice_chuvash,male_masculine,teens,1.0,155.05500568994324,,0.4223869367467211,0.8861102871565147,2.0505782365280636,0.9735159078353198,0.5031665679094389,0.09654776427421781
cv_108,common_voice_chuvash,female_feminine,twenties,2.0,223.3139891191659,,0.4013843922188275,0.9346388829625577,0.7631344353590399,0.599752894994466,0.3937902339017395,0.30772472159070324
cv_109,common_voice_chuvash,male_masculine,twenties,2.0,117.63562897725001,,0.45923218896929846,1.3183360187472728,0.9483555765203882,0.6535191672013676,0.5578476791491112,0.013165588371016007
cv_11,common_voice_chuvash,,,,124.19964090679846,,,,,,,
cv_12,common_voice_chuvash,,,,233.39962592857114,,,,,,,
cv_13,common_voice_chuvash,,,,152.17363205246852,,,,,,,
cv_14,common_voice_chuvash,,,,113.9476601105766,,,,,,,
cv_15,common_voice_chuvash,,,,205.35729503272285,,,,,,,
cv_16,common_voice_chuvash,,,,235.67550305057648,,,,,,,
cv_17,common_voice_chuvash,,,,228.37045685577215,,,,,,,
cv_18,common_voice_chuvash,,,,254.06061168401456,,,,,,,
cv_19,common_voice_chuvash,male_masculine,twenties,2.0,170.28343590086945,,,,,,,
cv_2,common_voice_chuvash,,,,230.4394496741432,,,,,,,
cv_20,common_voice_chuvash,,,,118.74084763347386,,,,,,,
cv_21,common_voice_chuvash,,,,138.16789775299088,,,,,,,
cv_22,common_voice_chuvash,,,,230.18319825326049,,,,,,,
cv_23,common_voice_chuvash,,,,106.89297793826996,,,,,,,
cv_24,common_voice_chuvash,,,,219.56417541499508,,,,,,,
cv_25,common_voice_chuvash,,,,127.80330154402714,,,,,,,
cv_26,common_voice_chuvash,,,,109.14410187728126,,,,,,,
cv_27,common_voice_chuvash,,,,100.37571829263379,,,,,,,
cv_28,common_voice_chuvash,female_feminine,twenties,2.0,299.66458809796075,,,,,,,
cv_29,common_voice_chuvash,,,,108.65734822944972,,,,,,,
cv_3,common_voice_chuvash,male_masculine,twenties,2.0,177.6272717172742,,,,,,,
cv_30,common_voice_chuvash,male_masculine,twenties,2.0,106.29602784667742,,,,,,,
cv_31,common_voice_chuvash,,,,215.29857393473122,,,,,,,
cv_32,common_voice_chuvash,,,,266.9227394828371,,,,,,,
cv_33,common_voice_chuvash,,,,239.46564040203256,,,,,,,
cv_34,common_voice_chuvash,male_masculine,teens,1.0,300.9549621562774,,,,,,,
cv_35,common_voice_chuvash,,,,234.38159574666173,,,,,,,
cv_36,common_voice_chuvash,,,,125.78598569557084,,,,,,,
cv_37,common_voice_chuvash,,,,122.45927937591094,,,,,,,
cv_38,common_voice_chuvash,,,,121.17864133486876,,,,,,,
cv_39,common_voice_chuvash,,,,250.5844438298627,,,,,,,
cv_4,common_voice_chuvash,,,,222.35300318776922,,,,,,,
cv_40,common_voice_chuvash,,,,204.418456232388,,,,,,,
cv_41,common_voice_chuvash,,,,236.17241154472907,,,,,,,
cv_42,common_voice_chuvash,,,,136.17567980177256,,,,,,,
cv_43,common_voice_chuvash,,,,108.49352350591526,,,,,,,
cv_44,common_voice_chuvash,male_masculine,twenties,2.0,185.40692100373988,,,,,,,
cv_45,common_voice_chuvash,,,,137.71048470171715,,,,,,,
cv_46,common_voice_chuvash,,,,231.34541320614224,,,,,,,
cv_47,common_voice_chuvash,,,,238.8233456476252,,,,,,,
cv_48,common_voice_chuvash,,,,219.40198020419365,,,,,,,
cv_49,common_voice_chuvash,,,,198.68609408451618,,,,,,,
cv_5,common_voice_chuvash,,,,234.05734197253764,,,,,,,
cv_50,common_voice_chuvash,male_masculine,thirties,3.0,135.84007839635672,,,,,,,
cv_51,common_voice_chuvash,,,,182.73825083664963,,,,,,,
cv_52,common_voice_chuvash,male_masculine,twenties,2.0,140.87199383667317,,,,,,,
cv_53,common_voice_chuvash,,,,137.8622141660884,,,,,,,
cv_54,common_voice_chuvash,male_masculine,thirties,3.0,137.28286689647047,,,,,,,
cv_55,common_voice_chuvash,male_masculine,thirties,3.0,264.24041871762927,,0.20435727318382824,0.9703287949356817,0.7699621369527594,-0.029131598681245274,,
cv_56,common_voice_chuvash,,,,187.8119353263348,,,,,,,
cv_57,common_voice_chuvash,,,,231.2864915917776,,0.39492728813121264,1.817390192127522,3.2891034668162877,1.0498527395634905,,
cv_58,common_voice_chuvash,,,,124.99509851680233,,0.681686457465751,0.8796426518423489,2.236901889300719,1.4782488453807159,,
cv_59,common_voice_chuvash,,,,144.16319502849876,,0.8392759776500023,1.08817126788692,1.506226450331265,1.1003310891850508,,
cv_6,common_voice_chuvash,,,,127.12369212851753,,,,,,,
cv_60,common_voice_chuvash,male_masculine,twenties,2.0,111.66508934378764,Верхний,,,,,,
cv_61,common_voice_chuvash,male_masculine,thirties,3.0,126.42407985096868,,0.5442885164883969,1.3373561143833295,2.775875559841503,0.7230077760344403,,
cv_62,common_voice_chuvash,male_masculine,fourties,4.0,155.87065979463756,,0.37551169504052223,1.771474771391341,2.500543092876382,0.753034341785131,,
cv_63,common_voice_chuvash,,,,141.58609907149008,,,,,,,
cv_64,common_voice_chuvash,,,,222.36822358975206,,0.512921767785573,0.8540070142698998,2.3787169667842143,1.3193126162948896,,
cv_65,common_voice_chuvash,male_masculine,teens,1.0,123.66471923580256,,0.5901036743320193,0.938175616855255,2.2316335269693566,1.413002777015849,,
cv_66,common_voice_chuvash,male_masculine,twenties,2.0,103.35155383086536,,0.4996436391523959,1.3222389039444744,2.4859308647852933,1.390051028703374,,
cv_67,common_voice_chuvash,,,,145.39027883263643,,0.2867191745692929,1.2349250850409004,3.3752648803622813,0.7158809333806759,,
cv_68,common_voice_chuvash,,,,277.5648416690003,,0.41723379733846083,1.4174631479096158,0.03190682373353396,-0.47203983730592386,,
cv_69,common_voice_chuvash,female_feminine,thirties,3.0,227.55251970599548,,0.8056840159991074,1.365130026251791,2.008044883709685,0.31881431477463607,,
cv_7,common_voice_chuvash,,,,106.00677245436523,,,,,,,
cv_70,common_voice_chuvash,,,,112.26401329330132,,0.48571206753748625,0.9628365749073179,2.7492593230874363,1.215421134664176,,
cv_71,common_voice_chuvash,male_masculine,thirties,3.0,110.61773732003782,,,,,,,
cv_72,common_voice_chuvash,male_masculine,thirties,3.0,129.42995708550424,,0.43878655109554304,1.671588385810624,3.074453332033076,1.0830336152470927,,
cv_73,common_voice_chuvash,female_feminine,fourties,4.0,183.92161464416148,,,,,,,
cv_74,common_voice_chuvash,male_masculine,thirties,3.0,137.99849771794834,,,,,,,
cv_75,common_voice_chuvash,male_masculine,twenties,2.0,142.4444241791805,,,,,,,
cv_76,common_voice_chuvash,,,,236.4378251458611,,0.6584893918740853,1.1941902818495176,1.1039484711860192,0.581251324833623,,
cv_77,common_voice_chuvash,,,,250.31151444971067,,0.5164117044758418,1.0721374816180234,1.0909021333100486,0.7144765384491216,1.8043798043047918,0.2824681720949651
cv_78,common_voice_chuvash,male_masculine,twenties,2.0,177.23637235633058,,0.4964309233897017,1.1578154251980461,2.4750070212250903,1.2738496619744923,0.3514089112975854,0.058854217236804014
cv_79,common_voice_chuvash,,,,108.66805731887553,,0.5112109307934755,1.3091111646861673,2.6308929116657223,1.3023443861080088,0.48441184493716843,0.17163396881949153
cv_8,common_voice_chuvash,male_masculine,fourties,4.0,126.31689151099764,,,,,,,
cv_80,common_voice_chuvash,male_masculine,twenties,2.0,145.70893574432898,Без акцента,0.6240824515137225,1.0425452682800673,1.8953427730718746,1.4076329827516783,,
cv_81,common_voice_chuvash,,,,116.88952956551057,,0.612714981165506,1.1551847615012238,2.3193763277409905,1.2530475011406037,,
cv_82,common_voice_chuvash,,,,242.71904099204409,,0.4641902865381835,1.1875228328202612,2.548244817769744,1.1269451796100975,0.34870232094564957,0.07759482023637994
cv_83,common_voice_chuvash,,,,131.7316700642549,,0.8628254698511915,0.7792864775031829,2.0607905539004405,1.7373293353150787,,
cv_84,common_voice_chuvash,,,,106.14975317943015,,0.5332902693509405,1.3578891746756592,2.814433661789393,1.3460753456347767,,
cv_85,common_voice_chuvash,,,,135.1452441722913,,0.4753866513897365,1.0735201689934837,2.892730128828401,1.2598839995252724,0.3474188194046532,0.08179515526688426
cv_86,common_voice_chuvash,male_masculine,teens,1.0,291.31016934227154,,,,,,,
cv_87,common_voice_chuvash,,,,110.2439073946194,,0.5509869782653597,1.278763397895132,2.64185993018003,1.4708461654677827,,
cv_88,common_voice_chuvash,,,,102.01788709036589,,0.560580671265728,1.3928091106971145,2.5142159308887546,1.424832081886887,,
cv_89,common_voice_chuvash,,,,136.78659539889745,,0.641844150885205,1.1442272434650962,0.9252712075600773,0.9519654666700137,,
cv_9,common_voice_chuvash,,,,193.8948920241481,,,,,,,
cv_90,common_voice_chuvash,,,,176.82058550293397,,0.5304309585212617,1.0303469092520265,2.4611247452989047,1.2810136652750734,,
cv_91,common_voice_chuvash,male_masculine,teens,1.0,216.7313063393925,,0.5092653149152816,0.8651834111676974,1.152197051826572,0.5827491391582618,,
cv_92,common_voice_chuvash,,,,124.99864270439434,,0.5577722909634578,1.3196500801033082,2.6937754613429914,1.435865004930246,0.6344587637884019,0.42120096111505984
cv_93,common_voice_chuvash,,,,114.99119583106857,,0.6637816263549827,1.3324183488538583,2.242292006569224,1.722656431985119,0.37036912198788263,0.2259580655053322
cv_94,common_voice_chuvash,,,,224.77381239535632,,0.4024169316130408,1.2766685797965538,2.374741531280158,0.8257330510341481,0.11777604493921093,0.033119984342480265
cv_95,common_voice_chuvash,female_feminine,twenties,2.0,216.71675815676136,,0.48334890841298517,0.9886874674489448,0.9784309190652974,0.6971431835349117,0.6563259480680537,0.16732236129417202
cv_96,common_voice_chuvash,female_feminine,fourties,4.0,223.78687901924303,,0.422395834340888,1.1845436621780951,3.022918875606839,1.111269224615108,0.26872392357957664,0.2250355239391968
cv_97,common_voice_chuvash,female_feminine,teens,1.0,221.5945208795625,,0.5438069505860236,0.9881048536260382,1.1229420766632634,0.9256195419151644,0.4648984143083369,0.112632979855801
cv_98,common_voice_chuvash,male_masculine,fifties,5.0,114.3586739063005,,0.6074508142714351,1.2628351303091385,2.2604826111633476,1.4543525211689734,0.5664965331739749,0.11473404752871469
cv_99,common_voice_chuvash,female_feminine,teens,1.0,236.1961609168888,,0.4332158081348615,0.8592819977197542,1.6508010372352482,0.8010850457037038,0.7847794986030237,0.34421878295900926
