w,n,match,kind,design,gold,gold_conf,note
артемсӑр,5,артем,id,SRS,R,c,
ивансем,4,иван,id,SRS,R,c,
маршрут,6,маршрут,id,SRS,R,c,
сарайсене,1,сарай,id,SRS,R,c,
марийки,4,марий,id,SRS,R,p,name Марийка
техникипе,1,техники,id,SRS,R,c,
минута,4,минута,id,SRS,R,c,
анастасия,7,анастасия,id,SRS,R,c,
валентинӑпа,2,валентина,ӑ>а,SRS,R,c,
юльӑран,1,юля,ьӑ>я,SRS,R,c,
искусствӑна,1,искусства,ӑ>а,SRS,R,c,
темипе,1,теми,id,SRS,R,p,тема + poss + instr (loan тема)
катьӑран,5,катя,ьӑ>я,SRS,R,c,
мила,1,мила,id,SRS,R,p,name Мила
ветерансене,6,ветеран,id,SRS,R,c,
лампӑсем,4,лампа,ӑ>а,SRS,R,c,
июньте,1,июнь,id,SRS,R,c,
интернетпа,1,интернет,id,SRS,R,c,
курсах,8,курсах,id,SRS,N,p,кур-са-х 'having seen' + emphatic -х
характерлӑ,1,характер,id,SRS,R,c,
века,1,века,id,SRS,U,u,Russian 'века' or fragment
театрти,1,театр,id,SRS,R,c,
литературӑ,1,литература,ӑ>а,SRS,R,c,
астрахань,4,астрахань,id,SRS,R,c,
хими,32,химия,+я,SRS,R,c,
палаткӑран,1,палатка,ӑ>а,SRS,R,c,
каникула,3,каникул,id,SRS,R,c,
маша,3,маша,id,SRS,R,c,
каникулсенче,1,каникул,id,SRS,R,c,
анюти,1,анюта,+а,SRS,R,c,
таньӑпа,1,таня,ьӑ>я,SRS,R,c,
еленпе,1,елена,+а,SRS,R,c,
салатаҫҫӗ,5,салата,id,SRS,N,c,салат- 'scatter' + -аҫҫӗ
январӗн,2,январь,+ь,SRS,R,c,
кулаксен,1,кулак,id,SRS,R,c,
кулаксем,1,кулак,id,SRS,R,c,
перемена,3,перемена,id,SRS,R,c,
парламентарисем,1,парламента,id,SRS,R,c,
учителӗ,4,учитель,+ь,SRS,R,c,
тарас,13,тарас,id,SRS,R,c,
вилле,1,вилл,id,SRS,N,p,вил- 'die'
витьӑна,4,витя,ьӑ>я,SRS,R,c,
васильевичпа,2,васильевич,id,SRS,R,c,
пульӑсем,4,пуля,ьӑ>я,SRS,R,c,
инструмент,2,инструмент,id,SRS,R,c,
паркра,8,парк,id,SRS,R,c,
ветеринарсем,1,ветеринар,id,SRS,R,c,
выставка,4,выставка,id,SRS,R,c,
алексея,1,алексея,id,SRS,R,c,
иммунитет,1,иммунитет,id,SRS,R,c,
паркран,1,парк,id,SRS,R,c,
ванькӑ,2,ванька,ӑ>а,SRS,R,c,
машинӑна,21,машина,ӑ>а,SRS,R,c,
управлени,11,управления,+я,SRS,R,c,
тихие,1,тихие,id,SRS,R,p,Russian adjective in prompt (code-switch)
машенька,3,машенька,id,SRS,R,c,
литературин,1,литература,+а,SRS,R,c,
парламентарире,5,парламента,id,SRS,R,c,
пакетсӑр,1,пакет,id,SRS,R,c,
юлия,14,юлия,id,SRS,R,c,
техникумне,6,техникум,id,SRS,R,c,
парам,10,парам,id,SRS,N,c,пар- 'give' + 1sg fut -ам
культурӑсемпе,5,культура,ӑ>а,SRS,R,c,
саланчӗҫ,8,сала,id,SRS,N,c,салан- 'disperse' + past 3pl
павел,26,павел,id,SRS,R,c,
танкӗ,1,танк,id,SRS,R,c,
техникума,1,техникума,id,SRS,R,c,
варшава,2,варшава,id,SRS,R,c,
маршӗ,5,марш,id,SRS,R,c,
именни,1,имен,id,SRS,N,c,имен- 'be shy' + -ни
метр,22,метр,id,SRS,R,c,
характерӗпе,1,характер,id,SRS,R,c,
урал,4,урал,id,SRS,R,c,
каникулсем,1,каникул,id,SRS,R,c,
сайта,9,сайта,id,SRS,R,c,
виталий,8,виталий,id,SRS,R,c,
васильевсем,1,васильев,id,SRS,R,c,
вилли,11,вилли,id,SRS,N,p,вил- 'die' (вилӗ/вилли)
театр,14,театр,id,SRS,R,c,
метртан,2,метр,id,SRS,R,c,
настьӑна,1,настя,ьӑ>я,PPS_with_replacement,R,c,
кухньӑра,23,кухня,ьӑ>я,PPS_with_replacement,R,c,
партнертан,1,партнер,id,PPS_with_replacement,R,c,
иван,236,иван,id,PPS_with_replacement,R,c,
левина,4,левина,id,PPS_with_replacement,R,c,
васильевна,23,васильевна,id,PPS_with_replacement,R,c,
машинисем,14,машин,id,PPS_with_replacement,R,c,
управленине,5,управления,+я,PPS_with_replacement,R,c,
интернетра,13,интернет,id,PPS_with_replacement,R,c,
пуля,20,пуля,id,PPS_with_replacement,R,p,Russian пуля 'bullet' (or Chuvash пул- form?)
линейкӑра,4,линейка,ӑ>а,PPS_with_replacement,R,c,
управленийӗ,26,управлений,id,PPS_with_replacement,R,c,
парам,10,парам,id,PPS_with_replacement,N,c,пар- 'give' + 1sg fut -ам
начальникӗ,11,начальник,id,PPS_with_replacement,R,c,
парка,8,парка,id,PPS_with_replacement,R,c,
ветерансене,6,ветеран,id,PPS_with_replacement,R,c,
сентре,10,сент,id,PPS_with_replacement,N,p,native noun + -ре (not Russian сент)
чашкӑрса,6,чашка,+а,PPS_with_replacement,N,c,чашкӑр- 'rustle' + -са
культура,78,культура,id,PPS_with_replacement,R,c,
сайтра,19,сайт,id,PPS_with_replacement,R,c,
ивану,1,ивану,id,PPS_with_replacement,R,c,
каникул,4,каникул,id,PPS_with_replacement,R,c,
секретарь,25,секретарь,id,PPS_with_replacement,R,c,
петр,91,петр,id,PPS_with_replacement,R,c,
иван,236,иван,id,PPS_with_replacement,R,c,
анюта,90,анюта,id,PPS_with_replacement,R,c,
танксемпе,3,танк,id,PPS_with_replacement,R,c,
элемент,1,элемент,id,PPS_with_replacement,R,c,
купине,11,купи,id,PPS_with_replacement,N,p,купа 'stack' + poss + dat
кассир,3,кассир,id,PPS_with_replacement,R,c,
иван,236,иван,id,PPS_with_replacement,R,c,
паркне,6,парк,id,PPS_with_replacement,R,c,
виллине,11,вилли,id,PPS_with_replacement,N,p,вил- 'die' + -ни-не
именмесӗр,2,имен,id,PPS_with_replacement,N,c,имен- 'be shy' + -мес-ӗр
ленин,19,ленин,id,PPS_with_replacement,R,c,
марийкипе,1,марий,id,PPS_with_replacement,R,p,name Марийка
иван,236,иван,id,PPS_with_replacement,R,c,
машинӑсем,19,машина,ӑ>а,PPS_with_replacement,R,c,
культурӑна,7,культура,ӑ>а,PPS_with_replacement,R,c,
васильевичӑн,6,васильевича,ӑ>а,PPS_with_replacement,R,c,
иван,236,иван,id,PPS_with_replacement,R,c,
литература,16,литература,id,PPS_with_replacement,R,c,
машина,64,машина,id,PPS_with_replacement,R,c,
искусствӑна,1,искусства,ӑ>а,PPS_with_replacement,R,c,
матвей,23,матвей,id,PPS_with_replacement,R,c,
учителӗсем,2,учитель,+ь,PPS_with_replacement,R,c,
именмесӗр,2,имен,id,PPS_with_replacement,N,c,имен- 'be shy' + -мес-ӗр
интернет,23,интернет,id,PPS_with_replacement,R,c,
юрий,25,юрий,id,PPS_with_replacement,R,c,
нервисем,2,нерв,id,PPS_with_replacement,R,c,
лампа,14,лампа,id,PPS_with_replacement,R,c,
машини,14,машин,id,PPS_with_replacement,R,c,
сентри,3,сент,id,PPS_with_replacement,N,p,as сентре + -ри
машина,64,машина,id,PPS_with_replacement,R,c,
тарас,13,тарас,id,PPS_with_replacement,R,c,
интернетри,13,интернет,id,PPS_with_replacement,R,c,
персе,71,перс,id,PPS_with_replacement,N,c,пер- 'throw/shoot' + converb -се
эксперта,1,эксперта,id,PPS_with_replacement,R,c,
пакта,2,пакта,id,PPS_with_replacement,R,c,
василь,5,василь,id,PPS_with_replacement,R,p,name Василь
