corpus,vowel,n,n_absent,pct,ci_lo,ci_hi,n_speakers
chuvash_voice,ɑ,20413,17,0.083,0.052,0.133,1
chuvash_voice,e,9893,2,0.02,0.006,0.074,1
chuvash_voice,u,15108,18,0.119,0.075,0.188,1
chuvash_voice,i,6569,38,0.578,0.422,0.793,1
chuvash_voice,ɯ,3684,1,0.027,0.005,0.154,1
chuvash_voice,y,706,0,0.0,0.0,0.541,1
chuvash_voice,ɛ,8284,14,0.169,0.101,0.283,1
chuvash_voice,ʌ,11631,55,0.473,0.364,0.615,1
common_voice_chuvash,ɑ,6172,349,5.655,5.105,6.259,87
common_voice_chuvash,e,2641,98,3.711,3.054,4.501,70
common_voice_chuvash,u,4698,162,3.448,2.963,4.009,85
common_voice_chuvash,i,2105,105,4.988,4.137,6.003,77
common_voice_chuvash,ɯ,796,18,2.261,1.435,3.546,47
common_voice_chuvash,y,244,9,3.689,1.952,6.86,27
common_voice_chuvash,ɛ,1865,112,6.005,5.015,7.177,68
common_voice_chuvash,ʌ,2580,123,4.767,4.01,5.659,66
