corpus,ctx,n,pct_floor
chuvash_voice,R_T,20713,13.18
chuvash_voice,#T_T,369,11.92
chuvash_voice,T_R,48850,11.82
chuvash_voice,#_T,1267,11.29
chuvash_voice,R_#V,1603,11.04
chuvash_voice,R_R,29944,10.28
chuvash_voice,#V_T,1152,9.72
chuvash_voice,T_#V,1265,8.93
chuvash_voice,#_R,1335,8.61
chuvash_voice,T_T,20742,8.04
chuvash_voice,#R_T,580,6.72
chuvash_voice,R_#R,2689,6.66
chuvash_voice,#V_R,1359,5.15
chuvash_voice,T_#R,1753,4.85
chuvash_voice,#T_R,463,4.54
chuvash_voice,R_#,9422,2.94
chuvash_voice,R_#T,9138,2.6
chuvash_voice,T_#T,5681,2.57
chuvash_voice,#R_R,590,2.37
chuvash_voice,T_#,7098,1.3
common_voice_chuvash,R_#V,473,20.3
common_voice_chuvash,R_#R,526,17.87
common_voice_chuvash,R_T,6541,17.46
common_voice_chuvash,R_R,6567,17.15
common_voice_chuvash,#V_T,281,13.88
common_voice_chuvash,#_R,495,12.12
common_voice_chuvash,#V_R,237,11.39
common_voice_chuvash,#_T,379,10.82
common_voice_chuvash,T_R,12618,10.26
common_voice_chuvash,T_T,4445,9.99
common_voice_chuvash,T_#R,201,8.96
common_voice_chuvash,R_#T,1851,7.02
common_voice_chuvash,R_#,4088,6.12
common_voice_chuvash,T_#,1747,5.15
common_voice_chuvash,T_#T,855,2.57
