effect,term,estimate,std.error,statistic,p.value,conf.low,conf.high,model,corpus,n,n_events,n_words,n_speakers,OR,OR_lo,OR_hi
fixed,(Intercept),-2.22959557992288,0.0413775933820521,-53.8841290100256,0,-2.31069417271864,-2.14849698712711,floor_reduced,chuvash_voice,157923,13432,20041,1,0.107571925586427,0.0991923710170575,0.116659366599695
fixed,Lcsonorant,0.299576310634347,0.031185016362685,9.60641826030305,7.5116573419205e-22,0.238454801706192,0.360697819562502,floor_reduced,chuvash_voice,157923,13432,20041,1,1.34928700789538,1.26928633516318,1.43432996892793
fixed,Lcboundary,-0.10979346438565,0.0868016570870067,-1.26487751582435,0.205915238456539,-0.279921586074579,0.060334657303279,floor_reduced,chuvash_voice,157923,13432,20041,1,0.896019176058113,0.755843007749283,1.06219195736765
fixed,LcvcdObs,-0.252237365004823,0.486028967686327,-0.518975990681303,0.603777484186323,-1.2048366371132,0.70036190710356,floor_reduced,chuvash_voice,157923,13432,20041,1,0.777060269262032,0.299740962062659,2.01448163077343
fixed,Lcvowel,0.321092232917541,1.18769849552555,0.270348269470073,0.786892333683744,-2.00675404280494,2.64893850864002,floor_reduced,chuvash_voice,157923,13432,20041,1,1.37863273034892,0.134424302804053,14.1390222269541
fixed,Rcsonorant,0.299820256508979,0.032537160454296,9.21470258383878,3.12142429163914e-20,0.236048593859357,0.3635919191586,floor_reduced,chuvash_voice,157923,13432,20041,1,1.34961620104567,1.2662358399582,1.43848707535009
fixed,Rcboundary,-1.0604640702946,0.0639471392369884,-16.5834481877995,9.18065606859372e-62,-1.18579816011346,-0.935129980475731,floor_reduced,chuvash_voice,157923,13432,20041,1,0.346295067780899,0.305502242456751,0.392534840350162
fixed,Rcvowel,0.350524754260441,0.381873080227361,0.91790904467983,0.358666486047835,-0.397932729650561,1.09898223817144,floor_reduced,chuvash_voice,157923,13432,20041,1,1.41981240575163,0.671707212121086,3.00111005382927
fixed,vposmedial,-0.235126108294126,0.0351405906464319,-6.69101184609714,2.21632719587661e-11,-0.304000400356598,-0.166251816231655,floor_reduced,chuvash_voice,157923,13432,20041,1,0.790471158373582,0.737860571043184,0.846832961052615
fixed,vposfinal,-0.647603091242791,0.0454633481054028,-14.2445094395903,4.84941323189086e-46,-0.736709616145988,-0.558496566339594,floor_reduced,chuvash_voice,157923,13432,20041,1,0.523298573675151,0.478686389047225,0.572068484661743
fixed,vposmono,-0.25339197161115,0.234669604445832,-1.07978181584075,0.280239350557737,-0.713335944591241,0.20655200136894,floor_reduced,chuvash_voice,157923,13432,20041,1,0.77616358809824,0.490006832257882,1.22943166468439
fixed,stressed,-1.52419700467607,0.080346678926332,-18.9702552120863,3.00444455758131e-80,-1.68167360164909,-1.36672040770306,floor_reduced,chuvash_voice,157923,13432,20041,1,0.217795875736258,0.186062321111608,0.254941694827456
fixed,srate,0.396780607899406,0.0110390226087045,35.9434545941174,6.40517555892963e-283,0.375144521161822,0.41841669463699,floor_reduced,chuvash_voice,157923,13432,20041,1,1.48702965170224,1.45520170686336,1.51955373238805
fixed,V_asciieh,-0.171371894911452,0.0331823647350543,-5.16454738171243,2.41021420345268e-07,-0.23640813471403,-0.106335655108873,floor_reduced,chuvash_voice,157923,13432,20041,1,0.842508190693526,0.789458402792794,0.89912280225863
fixed,utt_final_word,-0.230663726395746,0.0359025362775944,-6.42471954104524,1.32112864733362e-10,-0.301031404453474,-0.160296048338019,floor_reduced,chuvash_voice,157923,13432,20041,1,0.79400642454936,0.74005453137367,0.851891550552959
fixed,(Intercept),-7.08914900499396,0.299589358398112,-23.6628865687996,8.69696327169323e-124,-7.67633335760572,-6.5019646523822,absent_TVT_allvowels,chuvash_voice,76288,145,11909,1,0.000834106884458556,0.000463671904786448,0.001500488357218
fixed,vclassfull_high,1.20271848792526,0.324350252433373,3.70808556152524,0.000208832100170282,0.567003674779372,1.83843330107114,absent_TVT_allvowels,chuvash_voice,76288,145,11909,1,3.32915489975112,1.76297667806835,6.28668120481353
fixed,vclassreduced,1.50640039028678,0.327492906824481,4.59979547310969,4.22905951080564e-06,0.864526087718468,2.1482746928551,absent_TVT_allvowels,chuvash_voice,76288,145,11909,1,4.51046562187684,2.37388080808682,8.57005964951074
fixed,vposmedial,-0.494055056312913,0.262696844020703,-1.88070419404802,0.0600121688433054,-1.00893140944583,0.0208212968199998,absent_TVT_allvowels,chuvash_voice,76288,145,11909,1,0.610147189711325,0.36460838855507,1.02103957231472
fixed,vposfinal,-0.342800033069585,0.386067863305675,-0.887926879316987,0.374580084961288,-1.09947914073704,0.41387907459787,absent_TVT_allvowels,chuvash_voice,76288,145,11909,1,0.709780129924097,0.333044507846262,1.51267419508873
fixed,vposmono,1.65291691093915,0.644398102448564,2.56505552182486,0.0103159296337581,0.389919838434016,2.91591398344429,absent_TVT_allvowels,chuvash_voice,76288,145,11909,1,5.22219029660533,1.4768624015346,18.4656820199509
fixed,stressed,-1.76663738524027,0.456447584563956,-3.87040581434545,0.000108654330188891,-2.66125821181593,-0.872016558664617,absent_TVT_allvowels,chuvash_voice,76288,145,11909,1,0.170906717120715,0.0698602674097483,0.418107560133737
fixed,srate,0.283598691740722,0.0845042589967034,3.35602838375029,0.000790704532339067,0.117973387566939,0.449223995914506,absent_TVT_allvowels,chuvash_voice,76288,145,11909,1,1.32789992660242,1.12521416628221,1.56709564090973
fixed,(Intercept),-2.14264861970827,0.0872698345154435,-24.5519959056311,4.1178422100327e-133,-2.31369435229531,-1.97160288712123,floor_reduced,common_voice_chuvash,41968,4947,3708,100,0.117343632406996,0.0988952220643688,0.13923350167014
fixed,Lcsonorant,0.564292688491435,0.0468966580547924,12.0326844576459,2.39252920293431e-33,0.472376927708751,0.656208449274118,floor_reduced,common_voice_chuvash,41968,4947,3708,100,1.75820374506932,1.60380178714414,1.92747036071106
fixed,Lcboundary,0.529770398130762,0.121333127636019,4.36624694716509,1.26399570275994e-05,0.291961837832563,0.767578958428961,floor_reduced,common_voice_chuvash,41968,4947,3708,100,1.69854227536268,1.33905191554081,2.15454369446836
fixed,LcvcdObs,-0.240075018042743,0.622347840698404,-0.385756971171185,0.699676665342822,-1.45985437166789,0.979704335582399,floor_reduced,common_voice_chuvash,41968,4947,3708,100,0.786568851997449,0.232270097373812,2.66366857347493
fixed,Lcvowel,0.691376627805116,1.44827956583382,0.477377879323366,0.633093063120254,-2.14719916077449,3.52995241638472,floor_reduced,common_voice_chuvash,41968,4947,3708,100,1.99646202749807,0.116810868490257,34.1223439116386
fixed,Rcsonorant,0.0444131528287644,0.0498496439978926,0.8909422268019,0.372960165015723,-0.0532903540492484,0.142116659706777,floor_reduced,common_voice_chuvash,41968,4947,3708,100,1.04541418150343,0.948104686478392,1.15271111563416
fixed,Rcboundary,-0.808703122958007,0.0815817323615522,-9.91279664636213,3.66248055016462e-23,-0.968600380183035,-0.648805865732979,floor_reduced,common_voice_chuvash,41968,4947,3708,100,0.445435366698925,0.379613981708726,0.522669541867522
fixed,Rcvowel,0.219451788971049,0.415268188821759,0.528457981801351,0.597181503241348,-0.594458905044776,1.03336248298687,floor_reduced,common_voice_chuvash,41968,4947,3708,100,1.24539380479158,0.551861094348555,2.81050022351031
fixed,vposmedial,0.0571434029246939,0.0592267980373256,0.964823438347643,0.334633254179449,-0.0589389881480918,0.173225793997479,floor_reduced,common_voice_chuvash,41968,4947,3708,100,1.05880763562079,0.942764287197516,1.18913457422259
fixed,vposfinal,0.19307157797659,0.069962930166401,2.75962681261898,0.00578674232418043,0.0559467545975527,0.330196401355626,floor_reduced,common_voice_chuvash,41968,4947,3708,100,1.21296961232244,1.05754137302147,1.39124134331885
fixed,vposmono,0.543655232121735,0.237494402649591,2.28912861127033,0.0220718808888066,0.0781747563986821,1.00913570784479,floor_reduced,common_voice_chuvash,41968,4947,3708,100,1.72229074311391,1.08131160828204,2.74322903878617
fixed,stressed,-0.611234106502398,0.119619923000932,-5.10980187219845,3.22496826388995e-07,-0.84568484741768,-0.376783365587116,floor_reduced,common_voice_chuvash,41968,4947,3708,100,0.542680729830543,0.429263277674865,0.68606468301832
fixed,srate,0.28428625472605,0.0239023980419038,11.8936290085899,1.27733364544671e-32,0.237438415419778,0.331134094032322,floor_reduced,common_voice_chuvash,41968,4947,3708,100,1.32881325538973,1.26799690532899,1.3925465119659
fixed,V_asciieh,-0.0620223111880559,0.0471461131994863,-1.31553392165384,0.188330524679183,-0.154426995070098,0.0303823726939857,floor_reduced,common_voice_chuvash,41968,4947,3708,100,0.939861917121181,0.856906048224601,1.0308486269701
fixed,utt_final_word,-0.5197440723249,0.0546355713366354,-9.51292463151,1.85376053203887e-21,-0.626827824419475,-0.412660320230326,floor_reduced,common_voice_chuvash,41968,4947,3708,100,0.59467272170374,0.534283958203336,0.661887074296077
fixed,(Intercept),-3.71376394806755,0.201170890263445,-18.4607422237093,4.27427498258711e-76,-4.10805164772176,-3.31947624841334,absent_TVT_allvowels,common_voice_chuvash,21101,976,2063,100,0.024385564318166,0.0164397738139916,0.0361717718165507
fixed,vclassfull_high,0.10937631870057,0.166666822662033,0.656257297964831,0.511658587829074,-0.21728465113474,0.436037288535879,absent_TVT_allvowels,common_voice_chuvash,21101,976,2063,100,1.11558208576024,0.804700877682995,1.54656646287323
fixed,vclassreduced,0.245060838450462,0.171721719858956,1.4270812023764,0.153556490072081,-0.0915075478363672,0.581629224737292,absent_TVT_allvowels,common_voice_chuvash,21101,976,2063,100,1.27769904407035,0.912554428314516,1.78895066043735
fixed,vposmedial,-0.442026318773161,0.149056765902417,-2.96548979911817,0.00302201367266395,-0.734172211593915,-0.149880425952406,absent_TVT_allvowels,common_voice_chuvash,21101,976,2063,100,0.642732719296284,0.479902552366466,0.860810900915021
fixed,vposfinal,0.129234233710063,0.185000389307951,0.698561955428866,0.484825826448192,-0.233359866459409,0.491828333879535,absent_TVT_allvowels,common_voice_chuvash,21101,976,2063,100,1.13795664075678,0.791868555309826,1.63530336892315
fixed,vposmono,1.03471486665779,0.433970602488562,2.38429714069183,0.017111779393673,0.184148115431058,1.88528161788452,absent_TVT_allvowels,common_voice_chuvash,21101,976,2063,100,2.81430366939905,1.20219387337375,6.58820953842161
fixed,stressed,-0.23503179916307,0.166311722194832,-1.41320044108336,0.157596796894567,-0.560996784871771,0.0909331865456316,absent_TVT_allvowels,common_voice_chuvash,21101,976,2063,100,0.790545710537073,0.570639974972063,1.09519582899737
fixed,srate,0.396974189260393,0.0432005005004458,9.18911088209028,3.96101723596702e-20,0.312302764165415,0.481645614355372,absent_TVT_allvowels,common_voice_chuvash,21101,976,2063,100,1.48731754079012,1.36656837833633,1.6187360268317
