effect,term,estimate,std.error,statistic,df,p.value,conf.low,conf.high,corpus,outcome,n,n_words,n_speakers,pct_change,pct_lo,pct_hi
fixed,long,0.0525887309691509,0.0122796286713488,4.2825994479664,25708.4616057701,1.85392325235316e-05,0.0285199678636486,0.0766574940746532,common_voice_chuvash,V1,62108,4848,100,5.39960800231687,2.89305561744495,7.96722189246149
fixed,clssonorant,-0.249992657179284,0.0201226880993322,-12.423422553947,29698.5578930195,2.38793538050975e-35,-0.28943400855724,-0.210551305801328,common_voice_chuvash,V1,62108,4848,100,-22.1193498313076,-25.1312801770904,-18.9862510666003
fixed,V1_stressed,0.217211740865117,0.00858172079131761,25.310977384032,29301.7141467385,7.71262052977151e-140,0.200391182383124,0.23403229934711,common_voice_chuvash,V1,62108,4848,100,24.2607185004438,22.1880642865806,26.3685307759009
fixed,srate,-0.0779393280492386,0.00208701237385603,-37.3449285809627,17549.9273451075,8.59511885881902e-294,-0.0820300792635295,-0.0738485768349478,common_voice_chuvash,V1,62108,4848,100,-7.49794523578464,-7.87557520689175,-7.11876731042547
fixed,long:clssonorant,0.0900595434404369,0.0157946676257324,5.70189544816465,25155.3866851573,1.19808996981032e-08,0.0591010741643536,0.12101801271652,common_voice_chuvash,V1,62108,4848,100,9.42394365461927,6.08824631297993,12.8645242151045
fixed,long,0.0869146872220691,0.0130980847823456,6.63567908334338,20271.0617282672,3.31172889122241e-11,0.0612413798564188,0.112587994587719,common_voice_chuvash,V2,62108,4848,100,9.08036162619028,6.31555075414771,11.9170733547298
fixed,clssonorant,0.0121689301762726,0.0212847331345883,0.571721059377425,23986.102791911,0.567516322244079,-0.0295504853931188,0.053888345745664,common_voice_chuvash,V2,62108,4848,100,1.22432728580077,-2.91181389485333,5.53667593878089
fixed,V2_stressed,0.113714336399353,0.0070889612421242,16.04104360504,26044.8284660455,1.24772145670623e-57,0.0998195819554366,0.127609090843269,common_voice_chuvash,V2,62108,4848,100,12.0432012521128,10.4971543285646,13.6108800548196
fixed,srate,-0.101462902214889,0.00225110448753575,-45.0724978679061,55401.4090585311,0,-0.105875082329565,-0.0970507221002131,common_voice_chuvash,V2,62108,4848,100,-9.64853028854225,-10.0462990874512,-9.24900258459903
fixed,long:clssonorant,-0.0269941519032039,0.0164681161677572,-1.63917667498943,20713.5343157379,0.101191656603481,-0.0592729526472776,0.00528464884086976,common_voice_chuvash,V2,62108,4848,100,-2.66330661482606,-5.75505100370323,0.529863722793778
fixed,long,0.529146195086523,0.0110913946277094,47.7078142873546,19133.6781591099,0,0.507406085836164,0.550886304336882,common_voice_chuvash,C,62108,4848,100,69.7482370935828,66.0977170052413,73.4789888500993
fixed,clssonorant,-0.426352664131236,0.0182896058803944,-23.3112001931253,21680.7059894368,9.84163970447908e-119,-0.46220163428007,-0.390503693982402,common_voice_chuvash,C,62108,4848,100,-34.7113947976799,-37.0104681352676,-32.3284069102436
fixed,V1_stressed,0.0274214218757329,0.00774601183278088,3.54006971170459,23478.2947995344,0.000400795013716132,0.0122387349549369,0.042604108796529,common_voice_chuvash,C,62108,4848,100,2.78008492712245,1.23139347418639,4.35246908183888
fixed,srate,-0.0577794468651663,0.00195675358459484,-29.5282182284234,17210.2577591927,5.59566280690778e-187,-0.0616148831562107,-0.0539440105741218,common_voice_chuvash,C,62108,4848,100,-5.61419046561157,-5.97550787697129,-5.25148458334598
fixed,long:clssonorant,-0.171311225935177,0.0141780216243723,-12.0828723833154,18648.1139045846,1.73540847668859e-33,-0.199101441426143,-0.143521010444211,common_voice_chuvash,C,62108,4848,100,-15.7440693646489,-18.0533238760459,-13.3697401406384
fixed,long,0.239751531824915,0.0149463094137078,16.0408516369285,19836.1086158322,1.52475239105258e-57,0.210455516082395,0.269047547567435,common_voice_chuvash,V1C_over_V2,62108,4848,100,27.0933324602891,23.4240148163941,30.8717365894344
fixed,clssonorant,-0.391044620389102,0.0243117609178244,-16.0845864563601,23172.6859543527,6.73834147819308e-58,-0.438697285199014,-0.34339195557919,common_voice_chuvash,V1C_over_V2,62108,4848,100,-32.3650023633135,-35.5124036415248,-29.0639880592573
fixed,V1_stressed,0.0813780460745002,0.0104678062660958,7.77412611638371,24462.7876634658,7.89512587064488e-15,0.0608605076341772,0.101895584514823,common_voice_chuvash,V1C_over_V2,62108,4848,100,8.47809162257875,6.27506582435513,10.7267849781922
fixed,srate,0.0259346757424257,0.00258622567084206,10.0280018232058,48480.2738244411,1.21078930174078e-23,0.0208656400175431,0.0310037114673084,common_voice_chuvash,V1C_over_V2,62108,4848,100,2.62739057027483,2.10848494780322,3.14893322183538
fixed,long:clssonorant,-0.0606801881439638,0.0188800765658763,-3.21397998213824,19734.9817321966,0.00131119200298866,-0.0976867278814235,-0.023673648406504,common_voice_chuvash,V1C_over_V2,62108,4848,100,-5.88758256788228,-9.306702392955,-2.3395625849516
fixed,long,0.0378124443601439,0.0138614281467225,2.72788950459514,16292.8638907027,0.00638092448399545,0.010642526021215,0.0649823626990728,common_voice_chuvash,V1_subset_V1red=0,47680,4169,99,3.85364312461201,1.06993591383115,6.71402027453243
fixed,long:clssonorant,0.105809140831638,0.0183170334466364,5.77654351835383,16539.6109809115,7.76204408737722e-09,0.069905787577236,0.141712494086039,common_voice_chuvash,V1_subset_V1red=0,47680,4169,99,11.1609695356817,7.24071424196577,15.2245323565484
fixed,long,-0.0335821917732369,0.0505218393027885,-0.664706436596092,2983.20905632633,0.506289653521731,-0.13264336863006,0.0654789850835861,common_voice_chuvash,V1_subset_V1red=1,14428,1674,95,-3.30245694601944,-12.4222633896054,6.76703000756269
fixed,long:clssonorant,0.15396649889432,0.0540313474840611,2.84957725586502,2891.25633072501,0.00440871661815132,0.048022652905402,0.259910344883238,common_voice_chuvash,V1_subset_V1red=1,14428,1674,95,16.645180869855,4.91944223572713,29.6813815459652
fixed,long,0.0490495911123836,0.00521151022062476,9.41178066163391,125571.812750082,4.95652218402433e-21,0.0388351203194182,0.059264061905349,chuvash_voice,V1,187492,24469,1,5.02724336268827,3.95990607573995,6.10553880578653
fixed,clssonorant,-0.253624761821933,0.00921002405100598,-27.5379043982226,124455.943356076,1.95796682869049e-166,-0.27167625281382,-0.235573270830047,chuvash_voice,V1,187492,24469,1,-22.4017074158018,-23.789905080672,-20.988223169688
fixed,V1_stressed,0.214090699705062,0.00364415036906602,58.7491398605301,131954.809471966,0,0.206948230712659,0.221233168697465,chuvash_voice,V1,187492,24469,1,23.8735002597805,22.9918898107755,24.761430125334
fixed,srate,-0.0600472097340048,0.00080486994914167,-74.6048598261624,30490.9300583085,0,-0.0616247884699159,-0.0584696309980937,chuvash_voice,V1,187492,24469,1,-5.82799258194103,-5.97643921444913,-5.67931157836128
fixed,long:clssonorant,0.0779632537386955,0.00670990695908223,11.6191259005712,130834.582394366,3.41334387688597e-31,0.0648119560952387,0.0911145513821523,chuvash_voice,V1,187492,24469,1,8.10829321842699,6.69583705007073,9.53944770231912
fixed,long,0.0239948001387644,0.00581909729213554,4.12345745983541,95848.6146545414,3.73541392268607e-05,0.0125894349981045,0.0354001652794242,chuvash_voice,V2,187492,24469,1,2.42849917369512,1.26690155422637,3.60342107788911
fixed,clssonorant,0.103044721066863,0.0102025896765109,10.0998593821821,90907.5095040197,5.69579437115249e-24,0.083047746507336,0.12304169562639,chuvash_voice,V2,187492,24469,1,10.8540983102923,8.65936883632008,13.0931574864845
fixed,V2_stressed,0.106021927458847,0.00316357265387357,33.5133531164618,118810.847542453,4.32637843335576e-245,0.0998213758277564,0.112222479089939,chuvash_voice,V2,187492,24469,1,11.1846256202265,10.4973525465289,11.8761734051904
fixed,srate,-0.0800147828144344,0.000908056922884563,-88.1164834471575,32966.5979002572,0,-0.081794607025193,-0.0782349586036758,chuvash_voice,V2,187492,24469,1,-7.68972997701497,-7.85387990816022,-7.52528762769878
fixed,long:clssonorant,0.012034721257752,0.00743203576756865,1.61930346329443,103679.032357209,0.10538502741731,-0.00253197123223363,0.0266014137477376,chuvash_voice,V2,187492,24469,1,1.21074298989501,-0.252876849672157,2.69583896799246
fixed,long,0.393299906455792,0.00444905128769828,88.4008479612889,115821.701658442,0,0.3845798350397,0.402019977871885,chuvash_voice,C,187492,24469,1,48.1862742896875,46.8996970701776,49.4841196123642
fixed,clssonorant,-0.381093852010637,0.00786241976296855,-48.4703009378312,113277.380935569,0,-0.396504076235048,-0.365683627786226,chuvash_voice,C,187492,24469,1,-31.6886224989974,-32.7332465255334,-30.6277759063281
fixed,V1_stressed,0.0186854351983628,0.00308160218880575,6.06354553687679,123417.97365376,1.33537753008953e-09,0.0126455466602198,0.0247253237365059,chuvash_voice,C,187492,24469,1,1.88611003635206,1.2725839678132,2.50335294731785
fixed,srate,-0.0406697810601875,0.000682456582432205,-59.5932138499487,31779.6353069496,0,-0.0420074223283714,-0.0393321397920036,chuvash_voice,C,187492,24469,1,-3.98538639566809,-4.11373364474797,-3.8568673491351
fixed,long:clssonorant,-0.158648671730872,0.00570019720271957,-27.8321373960854,122686.284497528,6.0075186207137e-170,-0.16982096317349,-0.147476380288255,chuvash_voice,C,187492,24469,1,-14.6703906647002,-15.6184122809913,-13.7117180875863
fixed,long,0.219248619193177,0.00637354626876176,34.3997846642717,99441.5890687002,8.40082866334369e-258,0.206756546003934,0.23174069238242,chuvash_voice,V1C_over_V2,187492,24469,1,24.5140804110817,22.9683164056044,26.0792753271422
fixed,clssonorant,-0.415018601648826,0.0111881797151169,-37.0943810536108,93614.054805839,5.21207454492606e-299,-0.43694731446598,-0.393089888831673,chuvash_voice,V1C_over_V2,187492,24469,1,-33.9672002598779,-35.3994534343002,-32.5031927232298
fixed,V1_stressed,0.0724399248143043,0.00445281095057705,16.2683584859844,106603.836425914,1.95277186451142e-59,0.063712476631029,0.0811673729975797,chuvash_voice,V1C_over_V2,187492,24469,1,7.51282156228321,6.57859163459187,8.45524061636858
fixed,srate,0.0288862384902619,0.000957574383759004,30.1660518286502,184730.381967639,2.02372701875817e-199,0.027009414888515,0.0307630620920087,chuvash_voice,V1C_over_V2,187492,24469,1,2.93074922400916,2.73774753623495,3.12411348203994
fixed,long:clssonorant,-0.0818845032880846,0.00817495261361896,-10.016511062299,106193.567992534,1.32128765629397e-23,-0.0979072986094215,-0.0658617079667477,chuvash_voice,V1C_over_V2,187492,24469,1,-7.86216312767563,-9.32670447361489,-6.37396673157508
fixed,long,0.0481816813084161,0.00598558884078602,8.04961426352983,78796.4678989649,8.42029074969142e-16,0.0364499625474706,0.0599134000693616,chuvash_voice,V1_subset_V1red=0,140290,20631,1,4.93612873384941,3.7122407756137,6.17445955556117
fixed,long:clssonorant,0.119520628433751,0.0078026047606236,15.3180421283058,87022.1182547945,6.79367578871444e-53,0.104227591411085,0.134813665456418,chuvash_voice,V1_subset_V1red=0,140290,20631,1,12.6956491174748,10.9853019188497,14.4323537480236
fixed,long,-0.00244792253924495,0.0175339554536764,-0.139610400272329,13484.7397713235,0.888969907858212,-0.0368169286271674,0.0319210835486775,chuvash_voice,V1_subset_V1red=1,47202,9452,1,-0.244492882016156,-3.61474269880324,3.24360259027463
fixed,long:clssonorant,0.0161214624279782,0.0202339251598097,0.796754080122819,13785.3590091773,0.425607590314681,-0.0235397844326984,0.0557827092886547,chuvash_voice,V1_subset_V1red=1,47202,9452,1,1.62521143592009,-2.32648849566037,5.7367902549158
