F1,F2,F3,B1,B2,B3,max_formant,smooth_error,time,rel_time,prop_time,id,label,file_name,group,speaker_num,point_heuristic,optimized,word,stress,dur,pre_word,fol_word,pre_seg,fol_seg,abs_pre_seg,abs_fol_seg,context
1017.5114833996682,2050.824360039452,3051.311002006332,3.3541130190475186,4.244608795803054,4.420566757552018,5333.333333333333,0.0036300865694395,0.1327499999999999,0.145,0.3341013824884792,0-0-0-0,SIL,utterance_000000,group_0,1,fave,4,<eps>,,0.41,#,вӑйӑн-шайӑн,#,#,R,V,coextensive
523.2780144030104,1105.3065866763804,2997.0752289398024,3.448030012924437,2.857107550297248,3.131846806257533,6051.282051282051,2.78451901534e-05,0.537375,0.027,0.3214285714285714,0-0-1-1,AH,utterance_000000,group_0,1,fave,4,вӑйӑн-шайӑн,,0.0599999999999999,<eps>,упӑшка,V,Y,V,Y,internal
499.4688567639166,2250.0234825590237,2992.680355940862,3.132586561506792,3.211340025351936,3.554436487362336,6051.282051282051,0.0003557769444237,0.6723750000000001,0.037,0.324561403508772,0-0-1-3,AH,utterance_000000,group_0,1,fave,4,вӑйӑн-шайӑн,,0.0899999999999999,<eps>,упӑшка,Y,N,Y,N,internal
766.5498167264543,1600.735218233912,2705.7237737441333,3.4612499303524378,3.5284565401831154,4.097724413877859,6410.25641025641,0.00087684915393,0.917375,0.047,0.3263888888888889,0-0-1-6,AA,utterance_000000,group_0,1,fave,4,вӑйӑн-шайӑн,,0.12,<eps>,упӑшка,SH,Y,SH,Y,internal
753.207905591139,1527.1841676600295,2760.98553479846,3.49585675540123,3.4225745144419277,3.916650913823016,6051.282051282051,0.0001031476581273,1.5413750000000002,0.035,0.3365384615384615,0-0-2-5,AA,utterance_000000,group_0,1,fave,4,упӑшка,,0.08,вӑйӑн-шайӑн,мар,K,#,K,M,final
850.2797312985887,1483.904311614283,2894.394168774945,3.5783903004264728,3.42559342904009,3.742345403304268,6051.282051282051,9.68656727671e-05,1.707375,0.047,0.3263888888888889,0-0-3-1,AA,utterance_000000,group_0,1,fave,4,мар,,0.1200000000000001,упӑшка,#,M,R,M,R,internal
621.88736684722,1320.771215098246,3382.068051325364,3.241696804776723,3.477077073417023,2.9047571972501616,6051.282051282051,0.0004851448507342,1.211375,0.035,0.3365384615384615,0-0-2-0,UW,utterance_000000,group_0,1,fave,4,упӑшка,,0.08,вӑйӑн-шайӑн,мар,#,P,N,P,initial
442.0571814993762,1978.2954059933224,2825.2779034996474,3.4716599619257797,3.407979599594485,3.9537255430531175,6948.717948717948,0.0006880767582626,0.391375,0.0349999999999999,0.3365384615384614,0-0-0-1,EH,utterance_000001,group_0,1,fave,6,мӗн,,0.08,#,калӑн,M,N,M,N,internal
456.5358380670775,2364.777708216212,3130.7280449405557,3.1530229108383194,3.703890106805855,3.758827231161831,6589.74358974359,0.0001318576231375,4.271375,0.035,0.3365384615384615,0-0-9-10,EH,utterance_000001,group_0,1,fave,6,савӑнтараҫҫӗ,,0.08,хурса,<eps>,ɕː,#,ɕː,SIL,final
506.72085988755015,2359.3138708548645,2998.7570649063646,3.190094621911632,3.4549337787560708,3.392402060848512,5871.794871794871,0.0009956543387771,5.651375000000001,0.075,0.3348214285714286,0-0-13-3,EH,utterance_000001,group_0,1,fave,6,ӗнтӗ,,0.2000000000000001,йӗртеҫҫӗ,<eps>,t,#,t,SIL,final
652.6988098688499,1505.9185679188156,2850.3449246586697,3.7382229062836743,3.661956688182936,3.8989363509739783,6948.717948717948,0.0002864397348511,0.624375,0.041,0.3306451612903227,0-0-1-1,AA,utterance_000001,group_0,1,fave,6,калӑн,,0.0999999999999999,мӗн,<eps>,K,l,K,l,internal
698.459145310102,1358.4532604312683,2236.099617481998,3.4501627020277925,3.574950394494805,4.104890960936039,6589.74358974359,0.0001511647563697,1.322375,0.037,0.3245614035087719,0-0-3-3,AA,utterance_000001,group_0,1,fave,6,куракана,,0.0899999999999998,<eps>,артистсемпе,R,K,R,K,internal
643.467077010241,1723.9714911672047,2979.071511003216,3.5687009250124397,3.6304149312934113,3.760699605718586,6769.2307692307695,1.43058882005e-05,1.467375,0.027,0.3214285714285714,0-0-3-5,AA,utterance_000001,group_0,1,fave,6,куракана,,0.06,<eps>,артистсемпе,K,N,K,N,internal
865.6294255533184,1726.5145803669263,3034.067377201345,3.6237312703338023,3.4371996400726856,3.772084842381859,6769.2307692307695,0.0010882318931015,1.624375,0.061,0.3315217391304348,0-0-3-7,AA,utterance_000001,group_0,1,fave,6,куракана,,0.1599999999999999,<eps>,артистсемпе,N,#,N,AA,final
1132.9887747519365,1734.8345877923775,3002.4323767016367,3.550070721619668,3.8092501993284342,3.8689173941532857,7307.692307692308,0.0017455972927819,1.774375,0.041,0.3306451612903226,0-0-4-0,AA,utterance_000001,group_0,1,fave,6,артистсемпе,,0.1,куракана,танах,#,R,AA,R,initial
731.3615701820555,1736.9768459461588,2868.665448696253,3.3711748384437663,3.715513894179264,3.0430774514600305,6769.2307692307695,2.79159604214e-05,2.531375,0.0349999999999999,0.3365384615384615,0-0-5-1,AA,utterance_000001,group_0,1,fave,6,танах,,0.08,артистсемпе,<eps>,t,N,t,N,internal
844.9111804760736,1698.9806476591195,2957.393841973596,3.450845821245504,3.770404543814778,4.0360266178168285,7128.205128205128,0.0001628747833648,2.692375,0.037,0.324561403508772,0-0-5-3,AA,utterance_000001,group_0,1,fave,6,танах,,0.0899999999999998,артистсемпе,<eps>,N,χ,N,χ,internal
716.1930162705913,1600.3381562163383,3068.3646998052004,3.455822397288602,3.6380486454973657,3.567654264678673,6589.74358974359,0.0001364759629336,3.416375,0.045,0.3358208955223881,0-0-8-4,AA,utterance_000001,group_0,1,fave,6,хурса,,0.1099999999999998,вӑй,савӑнтараҫҫӗ,s,#,s,s,final
915.9145096866396,1607.6340827075726,2879.0869807736767,3.737367986521014,4.071612521162538,4.530311096897928,6589.74358974359,0.0004875438779899,3.622375,0.037,0.3245614035087719,0-0-9-1,AA,utterance_000001,group_0,1,fave,6,савӑнтараҫҫӗ,,0.0900000000000003,хурса,<eps>,s,V,s,V,internal
699.818245602476,1825.4863503625704,2973.353007083961,3.5111834714390344,3.508805549860874,3.4426648038315952,6769.2307692307695,3.237077847677771e-06,3.906375,0.025,0.3378378378378378,0-0-9-6,AA,utterance_000001,group_0,1,fave,6,савӑнтараҫҫӗ,,0.0500000000000002,хурса,<eps>,t,R,t,R,internal
849.7771717253896,1787.640512110013,2726.4874020591424,3.416544447316732,3.534825603133283,4.218647967835454,7128.205128205128,0.0001061184389066,4.016375,0.045,0.3358208955223881,0-0-9-8,AA,utterance_000001,group_0,1,fave,6,савӑнтараҫҫӗ,,0.1100000000000003,хурса,<eps>,R,ɕː,R,ɕː,internal
607.297155131521,1386.8090834847528,3181.692294790462,3.3138865597425373,3.336522659144891,3.649937732521583,6589.74358974359,8.24821371069e-05,0.8013750000000001,0.035,0.3365384615384615,0-0-1-3,AH,utterance_000001,group_0,1,fave,6,калӑн,,0.0799999999999999,мӗн,<eps>,l,N,l,N,internal
515.0417249429183,1190.8304386164375,2774.098943582989,3.478848945617422,3.410660739136848,3.4511643797852254,5871.794871794871,2.4926082249e-05,3.047375,0.027,0.3214285714285714,0-0-7-1,AH,utterance_000001,group_0,1,fave,6,вӑй,,0.06,<eps>,хурса,V,Y,V,Y,internal
290.14134730588927,1170.1726910603186,1695.7487856803791,3.0497544244501174,3.618503206572171,4.068350758727784,3538.4615384615386,0.0089939120901848,0.952375,0.077,0.3290598290598291,0-0-2-0,SIL,utterance_000001,group_0,1,fave,6,<eps>,,0.2099999999999998,калӑн,куракана,#,#,N,K,coextensive
921.7432829323038,3003.689039371668,4858.415465008184,3.641193857813525,4.49675812817835,4.666566994255998,10000.0,0.0039457948439305,2.877375,0.047,0.3263888888888889,0-0-6-0,SIL,utterance_000001,group_0,1,fave,6,<eps>,,0.1200000000000001,танах,вӑй,#,#,χ,V,coextensive
537.4586205054533,2303.1849690525173,3127.145260057016,3.341513335916396,3.7436480581460168,4.112557746792446,7307.692307692308,0.0363940798495074,4.372375,0.077,0.3290598290598291,0-0-10-0,SIL,utterance_000001,group_0,1,fave,6,<eps>,,0.2099999999999999,савӑнтараҫҫӗ,е,#,#,EH,Y,coextensive
1053.4062913483324,2124.815965937628,3214.7322463603505,3.63378981613296,4.334104459414499,4.52318953132002,5333.333333333333,0.0112167435140105,5.847375,0.067,0.3284313725490196,0-0-14-0,SIL,utterance_000001,group_0,1,fave,6,<eps>,,0.1799999999999997,ӗнтӗ,#,#,#,EH,,coextensive
355.24877245929946,758.0368077475937,1349.7250257928597,3.585527278106761,3.640809053117013,4.660258280648361,4256.410256410256,0.0001442578955752,1.206375,0.025,0.3378378378378379,0-0-3-1,UW,utterance_000001,group_0,1,fave,6,куракана,,0.05,<eps>,артистсемпе,K,R,K,R,internal
410.3053327535493,912.9552640161328,3011.26976620057,3.1356573662409413,3.2192567730889228,4.157559079122601,6589.74358974359,5.11174887422e-05,3.237375,0.027,0.3214285714285714,0-0-8-1,UW,utterance_000001,group_0,1,fave,6,хурса,,0.06,вӑй,савӑнтараҫҫӗ,χ,R,χ,R,internal
436.6529293935953,2301.126088644173,2970.767548111252,3.135124960406068,3.479263139712722,3.113257882473589,6410.25641025641,0.0001072421401811,2.381375,0.035,0.3365384615384615,0-0-4-10,EY,utterance_000001,group_0,1,fave,6,артистсемпе,,0.08,куракана,танах,P,#,P,t,final
356.7700790579046,2850.068351722395,3537.076719890483,2.7589826795943058,3.122050282214324,3.928250262286674,7487.179487179487,6.259662894897098e-06,4.646374999999999,0.025,0.3378378378378378,0-0-11-1,EY,utterance_000001,group_0,1,fave,6,е,,0.0500000000000007,<eps>,йӗртеҫҫӗ,Y,#,Y,Y,final
417.76446678021847,2698.9336024367253,3279.521965657687,2.979977820443106,3.307669948281196,3.958648340887928,7307.692307692308,4.32057746022e-05,5.131375,0.0349999999999999,0.3365384615384615,0-0-12-4,EY,utterance_000001,group_0,1,fave,6,йӗртеҫҫӗ,,0.08,е,ӗнтӗ,t,ɕː,t,ɕː,internal
354.0324406284718,838.9365159117646,1499.012544607362,3.940773557352733,3.5978476515016404,3.943696482480196,3358.974358974359,0.012312766377852,0.0827499999999999,0.095,0.334507042253521,0-0-0-0,SIL,utterance_000002,group_0,1,fave,3,<eps>,,0.26,#,ҫак,#,#,P,ɕ,coextensive
410.6515225382368,796.6280395147328,1889.82456676988,3.735841649268739,3.055924107587092,4.286543400309717,3179.48717948718,0.0004212837553205,0.3793749999999999,0.031,0.3297872340425531,0-0-1-1,AA,utterance_000002,group_0,1,fave,3,ҫак,,0.07,<eps>,акцине,ɕ,K,ɕ,K,internal
499.6502551615057,846.2977828304316,1657.4491550053674,3.757418106543767,3.150387244471128,3.3496293893646047,3000.0,1.48549301787e-05,0.506375,0.025,0.3378378378378378,0-0-2-0,AA,utterance_000002,group_0,1,fave,3,акцине,,0.05,ҫак,4-мӗш,#,K,K,K,initial
340.81733311944885,788.2141640986579,1365.868439861249,4.022446382039425,3.3621218381543843,4.257323379533807,3538.4615384615386,0.0011525628251393,1.949375,0.031,0.3297872340425531,0-0-4-8,AA,utterance_000002,group_0,1,fave,3,класранпа,,0.0699999999999998,4-мӗш,хутшӑнатӑп,P,#,P,χ,final
450.76462534480186,886.9508752662975,1635.0030912180923,3.5761036883412065,3.776100914960494,3.7123133790150193,3000.0,0.0007983533866755,2.376375,0.045,0.335820895522388,0-0-5-5,AA,utterance_000002,group_0,1,fave,3,хутшӑнатӑп,,0.1100000000000003,класранпа,#,N,t,N,t,internal
527.998087168574,2671.7665114985,3263.957240815472,3.094940754269216,3.854576134776477,4.6659863145165055,7487.179487179487,0.0059920307355543,0.8713749999999999,0.055,0.3353658536585366,0-0-2-5,EY,utterance_000002,group_0,1,fave,3,акцине,,0.14,ҫак,4-мӗш,N,#,N,spn,final
321.6023662550944,748.2798853390223,1535.357910525784,3.6331864081884726,3.947364781007604,4.254319515635182,3897.4358974358975,0.0017256087101262,2.087375,0.027,0.3214285714285714,0-0-5-1,UW,utterance_000002,group_0,1,fave,3,хутшӑнатӑп,,0.06,класранпа,#,χ,tʃ,χ,tʃ,internal
648.7239360020023,1722.931700036463,2715.0593424665726,2.9601276353842745,3.3043689401467846,4.194548822627897,5692.307692307692,8.34638154979e-05,2.539375,0.031,0.3297872340425531,0-0-5-7,AH,utterance_000002,group_0,1,fave,3,хутшӑнатӑп,,0.0700000000000002,класранпа,#,t,P,t,P,internal
1235.795436854154,2982.356916264046,4598.61207964607,4.256818396777337,4.499484588124635,4.688231689720243,9282.05128205128,0.1013315959380663,0.25875,0.271,0.3329238329238329,0-0-0-0,SIL,utterance_000003,group_0,1,fave,2,<eps>,,0.79,#,бухгалтер,#,#,SIL,spn,coextensive
1100.606499031757,2763.052422156427,4344.183007308688,4.272900348299181,4.46055077468019,4.651618773038504,8205.128205128205,6.58029106811e-05,4.207375000000001,0.027,0.3214285714285714,0-0-9-0,SIL,utterance_000003,group_0,1,fave,2,<eps>,,0.0599999999999996,сисрӗ,#,#,#,EH,,coextensive
272.21832878552846,1642.7064503072809,2763.6608665448407,3.697616102851173,3.6398919954212414,3.626915338918308,6230.769230769231,0.0001464736724034,1.016375,0.025,0.3378378378378379,0-0-2-1,EH,utterance_000003,group_0,1,fave,2,мӗн,,0.05,бухгалтер,ҫинчен,M,N,M,N,internal
673.1119523513947,1893.3988619752315,2782.4548913018784,3.608837783791049,4.0295284374626,4.268906294654264,6230.769230769231,0.012020377125397,3.764375,0.181,0.3327205882352941,0-0-8-4,EH,utterance_000003,group_0,1,fave,2,сисрӗ,,0.52,хӑвӑрт,<eps>,R,#,R,SIL,final
311.8493094651818,2543.210701805131,3153.427088238333,3.323648331668955,3.4091811165979147,3.870497950621144,6230.769230769231,7.94038844515e-05,1.211375,0.035,0.3365384615384615,0-0-3-1,IY,utterance_000003,group_0,1,fave,2,ҫинчен,,0.08,мӗн,пӗлме,ɕ,N,ɕ,N,internal
478.8065265991156,2200.667327437435,3099.603280876889,3.9238098604413336,3.5474440952815502,3.8691726155503248,6589.74358974359,0.0003287122324546,2.239375,0.031,0.3297872340425531,0-0-5-6,IY,utterance_000003,group_0,1,fave,2,шутланине,,0.0699999999999998,пӗлме,санюк,N,N,N,N,internal
368.0725764545248,2270.3060427555915,3136.1118091760427,3.810471548921568,3.455574123867845,3.4276075606288114,6230.769230769231,0.0004804372732622,3.431375,0.035,0.3365384615384615,0-0-8-1,IY,utterance_000003,group_0,1,fave,2,сисрӗ,,0.08,хӑвӑрт,<eps>,s,s,s,s,internal
454.8658794478533,2432.944953164345,3146.030714889634,3.435610234362127,3.4275168063003547,3.755451725038416,7128.205128205128,4.588530772094602e-06,1.397375,0.027,0.3214285714285714,0-0-3-4,EY,utterance_000003,group_0,1,fave,2,ҫинчен,,0.06,мӗн,пӗлме,tʃ,N,tʃ,N,internal
524.2204013183983,2299.282774574649,2967.463624138561,3.5251724312909936,3.122010118121117,3.3220235493644106,6589.74358974359,2.8929576578e-05,1.7793750000000002,0.031,0.3297872340425531,0-0-4-4,EY,utterance_000003,group_0,1,fave,2,пӗлме,,0.07,ҫинчен,шутланине,M,#,M,SH,final
484.48799477553257,2745.3289650171146,3376.0417565409707,3.4556381031782624,3.368632534713984,3.4183894042246363,6589.74358974359,6.61764108374e-05,2.3843750000000004,0.041,0.3306451612903226,0-0-5-8,EY,utterance_000003,group_0,1,fave,2,шутланине,,0.1,пӗлме,санюк,N,#,N,s,final
324.6900279673977,788.7625909583986,1424.400441567708,3.4056119719218154,3.851537972467052,4.154796191711522,3000.0,0.0001470571665693,1.936375,0.025,0.3378378378378378,0-0-5-1,UW,utterance_000003,group_0,1,fave,2,шутланине,,0.05,пӗлме,санюк,SH,t,SH,t,internal
774.5110002954829,3018.428433463331,4553.008483425409,3.707168355270519,3.6998496305098416,4.329398347661022,10000.0,0.002002876229462,2.792375,0.037,0.3245614035087719,0-0-6-4,UW,utterance_000003,group_0,1,fave,2,санюк,,0.0900000000000003,шутланине,хӑвӑрт,Y,K,Y,K,internal
784.2811864222948,1543.9394289976324,3101.023544376956,3.407897282901027,3.265816624869245,3.6518483156844073,6230.769230769231,0.0001029872980877,2.109375,0.031,0.3297872340425531,0-0-5-4,AA,utterance_000003,group_0,1,fave,2,шутланине,,0.0699999999999998,пӗлме,санюк,l,N,l,N,internal
883.0468540424639,1723.7177472793348,3095.3957182988624,3.647512312425325,3.4711214572862774,3.796733547228943,6589.74358974359,3.60607512201e-05,2.6013749999999995,0.035,0.3365384615384615,0-0-6-1,AA,utterance_000003,group_0,1,fave,2,санюк,,0.08,шутланине,хӑвӑрт,s,N,s,N,internal
575.7014434097873,1059.077673194114,3114.0786723463107,3.3604864856214007,2.67245222248744,3.0944610922246247,4974.358974358975,2.057796418716939e-06,3.0773749999999995,0.027,0.3214285714285714,0-0-7-1,AH,utterance_000003,group_0,1,fave,2,хӑвӑрт,,0.06,санюк,сисрӗ,χ,V,χ,V,internal
501.66363665826594,933.3372284327088,1237.3540468939243,3.119806084460615,3.5311009203145787,3.306373602590372,3538.4615384615386,1.37211995289e-05,3.196375,0.025,0.3378378378378378,0-0-7-3,AH,utterance_000003,group_0,1,fave,2,хӑвӑрт,,0.0500000000000002,санюк,сисрӗ,V,R,V,R,internal
835.3753555038239,1926.3899128714445,3085.4438466980805,4.402087268501303,4.445919644911759,4.572547713094323,5692.307692307692,0.0206689709469621,0.05875,0.071,0.3317757009345794,0-0-0-0,SIL,utterance_000004,group_0,1,fave,4,<eps>,,0.19,#,ҫав,#,#,SIL,ɕ,coextensive
477.3160014780967,2078.8530845447863,2911.2639901639213,3.326540145264709,3.423681290508923,3.901314171474185,6410.25641025641,0.0069480414157308,1.5123749999999998,0.137,0.3309178743961352,0-0-5-0,SIL,utterance_000004,group_0,1,fave,4,<eps>,,0.3900000000000001,<unk>,юписем,#,#,spn,Y,coextensive
757.1762997785432,1908.7012958477872,2728.928732023008,3.62052578554864,3.681587772136886,4.237723087942017,6589.74358974359,0.0005298421303006,0.354375,0.041,0.3306451612903226,0-0-1-1,AA,utterance_000004,group_0,1,fave,4,ҫав,,0.0999999999999999,<eps>,кунах,ɕ,V,ɕ,V,internal
701.4901908833301,1615.5521380902055,3210.518001495508,3.904959562659223,3.812066614025406,4.0745260718657095,6230.769230769231,0.0002468682268284,0.751375,0.035,0.3365384615384615,0-0-2-3,AA,utterance_000004,group_0,1,fave,4,кунах,,0.0799999999999999,ҫав,хулари,N,χ,N,χ,internal
670.3948890497606,1457.976187610761,3017.2659528039194,3.2951616109329884,3.619955129381533,3.453422168928432,6589.74358974359,7.91348035279e-05,1.1013750000000002,0.035,0.3365384615384615,0-0-3-3,AA,utterance_000004,group_0,1,fave,4,хулари,,0.0799999999999998,кунах,<unk>,l,R,l,R,internal
616.5192880656248,1745.9128153165489,3099.521456273044,3.46696151768426,3.267755165272995,3.781325294124522,6948.717948717948,0.0001609881514489,3.741375,0.0349999999999999,0.3365384615384614,0-0-9-4,AA,utterance_000004,group_0,1,fave,4,ҫырса,,0.08,пӗлтерӳсем,ҫапнӑ,s,#,s,ɕ,final
650.162120701109,1979.5869938159797,2872.525943211659,3.569025643543855,3.5933882322424324,4.104888557492341,6230.769230769231,0.0001731116777454,3.912375,0.037,0.3245614035087719,0-0-10-1,AA,utterance_000004,group_0,1,fave,4,ҫапнӑ,,0.0900000000000003,ҫырса,<eps>,ɕ,P,ɕ,P,internal
466.4403902679835,1095.0939324679134,3132.0677293388026,2.119135193673185,3.7761387414012058,3.585092017811353,6230.769230769231,1.04353374724e-05,0.597375,0.027,0.3214285714285714,0-0-2-1,UW,utterance_000004,group_0,1,fave,4,кунах,,0.06,ҫав,хулари,K,N,K,N,internal
412.8176319696541,866.1526597861789,1637.4440920201107,3.304298057357232,4.28019732047284,4.414900764592845,4256.410256410256,0.0031348440514895,0.979375,0.031,0.3297872340425531,0-0-3-1,UW,utterance_000004,group_0,1,fave,4,хулари,,0.07,кунах,<unk>,χ,l,χ,l,internal
410.856969913715,1743.7955763084112,2782.579320674206,3.578585401708648,3.906162833564741,3.504789972532566,5692.307692307692,0.0003882531374937,1.959375,0.031,0.3297872340425531,0-0-6-1,UW,utterance_000004,group_0,1,fave,4,юписем,,0.07,<eps>,ҫумне,Y,P,Y,P,internal
351.77951229269155,1792.7737288888186,2350.981540430964,2.8428234166709085,3.3956135745351785,4.620610828326372,4256.410256410256,0.0006449525443934,2.489375,0.031,0.3297872340425531,0-0-7-1,UW,utterance_000004,group_0,1,fave,4,ҫумне,,0.0699999999999998,юписем,пӗлтерӳсем,ɕ,M,ɕ,M,internal
476.2445307603542,2540.534661868134,3210.449998644559,3.2508900343802374,3.2408118403799717,3.654400655105349,6410.25641025641,0.0001770986816053,1.246375,0.045,0.335820895522388,0-0-3-5,IY,utterance_000004,group_0,1,fave,4,хулари,,0.1100000000000001,кунах,<unk>,R,#,R,spn,final
343.8223979270919,2468.523357914463,2836.656332500017,2.973142747147211,2.973648690932857,3.43553330566632,6230.769230769231,7.65916096636e-05,2.071375,0.035,0.3365384615384615,0-0-6-3,IY,utterance_000004,group_0,1,fave,4,юписем,,0.08,<eps>,ҫумне,P,s,P,s,internal
455.967004320348,2335.39043229161,3169.4937683996664,2.2533549509269,3.438775217205836,3.3320916730401877,6410.25641025641,4.9674187375e-05,2.232375,0.037,0.3245614035087719,0-0-6-5,EY,utterance_000004,group_0,1,fave,4,юписем,,0.0899999999999998,<eps>,ҫумне,s,M,s,M,internal
438.29966911261937,2715.212396335418,3283.2581401065977,2.582042217262414,3.1947605891641544,3.628156912757528,6230.769230769231,7.99920885763e-05,2.701375,0.035,0.3365384615384615,0-0-7-4,EY,utterance_000004,group_0,1,fave,4,ҫумне,,0.08,юписем,пӗлтерӳсем,N,#,N,P,final
456.7337233818549,2445.1374573732346,3162.3765252226785,2.674999002032388,3.213482874319953,3.5026779292876307,6410.25641025641,4.12082361863e-05,3.052375,0.037,0.3245614035087719,0-0-8-4,EY,utterance_000004,group_0,1,fave,4,пӗлтерӳсем,,0.0899999999999998,ҫумне,ҫырса,t,R,t,R,internal
416.85776127671977,2231.9769648948054,3125.291487412275,2.707044495122477,3.270487642900909,3.657031038665622,6230.769230769231,2.53012313884e-05,3.349375,0.031,0.3297872340425531,0-0-8-8,EY,utterance_000004,group_0,1,fave,4,пӗлтерӳсем,,0.0700000000000002,ҫумне,ҫырса,s,M,s,M,internal
513.3716935866648,1834.751493620695,3032.4472724239745,4.111830009173758,3.137495497469072,4.5811032118173065,8384.615384615383,2.3399823949282307e-06,2.906375,0.025,0.3378378378378378,0-0-8-1,EH,utterance_000004,group_0,1,fave,4,пӗлтерӳсем,,0.0500000000000002,ҫумне,ҫырса,P,l,P,l,internal
425.7547303096897,1949.094206871166,2676.490710297677,2.436538985000036,3.4587351952361285,3.642119820050706,5333.333333333333,0.0001018775425787,3.172375,0.037,0.3245614035087719,0-0-8-6,UX,utterance_000004,group_0,1,fave,4,пӗлтерӳсем,,0.0899999999999998,ҫумне,ҫырса,R,s,R,s,internal
849.7631775394027,1689.3623659848347,2877.9177778176145,4.2894255439729125,3.958927970380358,4.194239297737376,6410.25641025641,0.0099572914911242,4.206375,0.105,0.3343949044585987,0-0-10-4,AH,utterance_000004,group_0,1,fave,4,ҫапнӑ,,0.29,ҫырса,<eps>,N,#,N,SIL,final
369.9336184607546,998.1402687725777,1529.5779053252372,3.329066231664108,2.383769721621569,4.020679011405581,3000.0,0.0051047004996022,0.05275,0.065,0.3350515463917525,0-0-0-0,SIL,utterance_000005,group_0,1,fave,5,<eps>,,0.17,#,сан,#,#,SIL,s,coextensive
294.54354006482424,999.9848195711736,1599.0888357215777,3.6446786203260673,2.254383096205519,4.0254147489560985,3358.974358974359,0.002806246689227,2.451375,0.0349999999999999,0.3365384615384615,0-0-7-0,SIL,utterance_000005,group_0,1,fave,5,<eps>,,0.08,кулса,#,#,#,AA,,coextensive
732.5075854457666,1706.4227855555328,3136.3500430731588,3.701976887145574,3.381936798188161,4.1764724857139415,7666.666666666666,9.19816032938e-05,0.291375,0.0349999999999999,0.3365384615384614,0-0-1-1,AA,utterance_000005,group_0,1,fave,5,сан,,0.0799999999999999,<eps>,валли,s,N,s,N,internal
730.7550635176774,1703.5266910482826,2725.5428351807163,3.339750251580435,3.638688347875517,3.569082824402428,6230.769230769231,0.0002364576007662,0.484375,0.041,0.3306451612903226,0-0-2-1,AA,utterance_000005,group_0,1,fave,5,валли,,0.0999999999999999,сан,хӑварнӑ,V,lː,V,lː,internal
732.2348242193718,1386.2588280434206,2784.501570925902,3.263537540001652,3.562878269771627,3.711635441318931,6410.25641025641,0.0001149095904527,0.912375,0.037,0.3245614035087719,0-0-3-3,AA,utterance_000005,group_0,1,fave,5,хӑварнӑ,,0.0899999999999999,валли,терӗ,V,R,V,R,internal
782.1154299898758,1562.4870121632428,3101.050133679508,3.513866583885799,3.379223532481832,3.856521287898153,6230.769230769231,2.26985539433e-05,1.6193750000000002,0.031,0.3297872340425531,0-0-5-1,AA,utterance_000005,group_0,1,fave,5,лавҫӑ,,0.0699999999999998,терӗ,кулса,l,V,l,V,internal
846.5697399965228,1643.886741026103,3030.8667069547123,3.998300748321365,3.982441560503536,4.39575561667752,7307.692307692308,0.0069453139986071,2.221375,0.095,0.334507042253521,0-0-6-4,AA,utterance_000005,group_0,1,fave,5,кулса,,0.2599999999999998,лавҫӑ,<eps>,s,#,s,SIL,final
417.7131374033613,446.9022278794786,1820.60844714916,3.697226156939095,2.908686717257409,3.992096953306214,3179.48717948718,0.0005525554801787,0.651375,0.035,0.3365384615384615,0-0-2-3,IY,utterance_000005,group_0,1,fave,5,валли,,0.0799999999999999,сан,хӑварнӑ,lː,#,lː,χ,final
440.688475341405,1752.08335028831,3363.9741854371164,4.0449115350479214,3.354040223935676,3.957750089562447,7307.692307692308,0.0002898695870617,1.1093750000000002,0.031,0.3297872340425531,0-0-3-6,AH,utterance_000005,group_0,1,fave,5,хӑварнӑ,,0.0699999999999998,валли,терӗ,N,#,N,t,final
472.5673021933398,2458.3894257536026,3101.5665586160585,3.0743511371463565,3.2832909479546037,3.503252297390517,6410.25641025641,7.03231610348e-05,1.284375,0.041,0.3306451612903227,0-0-4-1,EY,utterance_000005,group_0,1,fave,5,терӗ,,0.1,хӑварнӑ,лавҫӑ,t,R,t,R,internal
517.1114517954272,2171.3508827772444,3078.7381907852327,3.2453349504481195,2.8156625229056624,4.055323698219513,6051.282051282051,0.0005839756869622,1.426375,0.045,0.335820895522388,0-0-4-3,EH,utterance_000005,group_0,1,fave,5,терӗ,,0.1100000000000001,хӑварнӑ,лавҫӑ,R,#,R,l,final
433.8058012526047,781.9398213137408,3070.24094137293,2.42460533811913,2.9730161690692296,2.988220498028224,6410.25641025641,9.739063053592686e-06,1.976375,0.025,0.3378378378378379,0-0-6-1,UW,utterance_000005,group_0,1,fave,5,кулса,,0.05,лавҫӑ,<eps>,K,l,K,l,internal
