F1,F2,F3,B1,B2,B3,max_formant,smooth_error,time,rel_time,prop_time,id,label,file_name,group,speaker_num,point_heuristic,f0,intensity,optimized,word,dur,pre_word,fol_word,pre_seg,fol_seg,abs_pre_seg,abs_fol_seg,context,phon_stress,sidx,sN,syl_pos,syl_open_closed
1020.6876205285688,1930.116239097102,2792.866077797432,3.341723599877612,4.182540789176668,4.344263450210842,4974.358974358975,0.003009294849663,0.11275,0.125,0.3342245989304812,0-0-0-0,SIL,utterance_008494,group_0,1,fave,,13.815098843118506,5,SIL,0.35,#,ɕ.'IXN.AA,#,#,SIL,ɕ,coextensive,,,,,
619.9467900790911,1109.6751428637792,2978.6412685325413,3.515511844062266,3.9084157863065543,4.135316332796167,5692.307692307692,0.0151070527612001,1.7893750000000002,0.051,0.3311688311688312,0-0-4-0,SIL,utterance_008494,group_0,1,fave,207.4601583677741,66.28632763658054,5,SIL,0.1299999999999999,T.AHV.'IYtʃtʃ.EYN,'HH.UWR,#,#,N,HH,coextensive,,,,,
732.2393902960342,1487.7034656478943,2024.161802182291,3.856697434769357,3.578358470302269,4.2202247185582085,3897.4358974358975,0.1885750454026988,3.859375,0.071,0.3317757009345794,0-0-11-0,SIL,utterance_008494,group_0,1,fave,152.9168449055845,49.13979052781151,5,SIL,0.1899999999999995,'ɕ.AAV,#,#,#,V,,coextensive,,,,,
400.9922523181096,2501.46448780982,2902.4947995626894,3.3832556569966026,3.2856429032515275,3.579211807071192,5871.794871794871,5.21218833247e-05,0.519375,0.031,0.3297872340425531,0-0-1-1,IX,utterance_008494,group_0,1,fave,255.5100194525536,77.97992700890383,5,ɕ.'IXN.AA,0.0699999999999999,SIL,'UWS.AH,ɕ,N,ɕ,N,internal,0.0,1.0,2.0,initial,open
885.001119596389,1678.4968398897074,2989.984973810569,3.620193307902892,3.3584446872458806,3.892829555410657,7128.205128205128,0.0011199080895815,0.7163749999999999,0.065,0.3350515463917525,0-0-1-3,AA,utterance_008494,group_0,1,fave,271.3535241117432,80.99174050379696,5,ɕ.'IXN.AA,0.17,SIL,'UWS.AH,N,#,N,UW1 [sidx=1/sN=2/pos=initial/oc=open],final,1.0,2.0,2.0,final,open
534.4239973069718,1007.4894930049504,3469.297451226505,3.0612217693988155,3.397350499462344,3.586213965746025,6230.769230769231,0.0019174470048019,0.8773749999999999,0.047,0.3263888888888889,0-0-2-0,UW,utterance_008494,group_0,1,fave,264.86116145373427,76.7572075734289,5,'UWS.AH,0.12,ɕ.'IXN.AA,T.AHV.'IYtʃtʃ.EYN,#,S,AA1 [sidx=2/sN=2/pos=final/oc=open],S,initial,1.0,1.0,2.0,initial,open
553.1823575957861,1513.1359945490794,3144.4079991350973,2.9407098444079782,3.2354363296413786,3.533964880967176,5871.794871794871,0.0001349439097839,1.0613750000000002,0.0349999999999999,0.3365384615384614,0-0-2-2,AH,utterance_008494,group_0,1,fave,277.43220718914824,82.75323324176931,5,'UWS.AH,0.0799999999999998,ɕ.'IXN.AA,T.AHV.'IYtʃtʃ.EYN,S,#,S,T,final,0.0,2.0,2.0,final,open
531.5483806513414,1625.971588774035,3040.636776996338,2.59822085009503,3.619492076226239,3.412327550859834,6051.282051282051,6.162134871725193e-06,1.207375,0.027,0.3214285714285714,0-0-3-1,AH,utterance_008494,group_0,1,fave,269.7841478876724,84.64848105556969,5,T.AHV.'IYtʃtʃ.EYN,0.06,'UWS.AH,SIL,T,V,T,V,internal,0.0,1.0,3.0,initial,open
398.4142348048499,2397.8644705475317,2903.314259802586,3.741896805626386,3.366799211820366,3.393285580419196,6051.282051282051,0.0002219877559367,1.3413750000000002,0.035,0.3365384615384615,0-0-3-3,IY,utterance_008494,group_0,1,fave,259.59952262867307,79.38057895952443,5,T.AHV.'IYtʃtʃ.EYN,0.0799999999999998,'UWS.AH,SIL,V,tʃ,V,tʃ,internal,0.0,2.0,3.0,med,open
532.9006303800279,2294.6259363796203,2986.867287935315,3.206203528406156,3.713707526314088,3.721100505948716,7307.692307692308,0.0006191522096788,1.5473750000000002,0.047,0.3263888888888889,0-0-3-6,EY,utterance_008494,group_0,1,fave,274.7692887318889,85.34046713412417,5,T.AHV.'IYtʃtʃ.EYN,0.1199999999999998,'UWS.AH,SIL,tʃ,N,tʃ,N,internal,1.0,3.0,3.0,final,closed
410.8054353700567,755.3919009171175,2983.5263645938744,3.2745719705664467,2.442998468555613,3.652620555483435,6589.74358974359,0.0001494365131015,1.952375,0.037,0.3245614035087719,0-0-5-1,UW,utterance_008494,group_0,1,fave,260.7146143413808,81.65886768947566,5,'HH.UWR,0.0899999999999998,SIL,'T.UW,HH,R,HH,R,internal,1.0,1.0,1.0,initial,closed
522.3196742166449,1368.5661968965137,3041.9855582691566,3.5943769716622747,4.362849613887438,3.511867192574268,5512.820512820513,0.0001166396357989,2.189375,0.031,0.3297872340425531,0-0-6-1,UW,utterance_008494,group_0,1,fave,258.82972986856595,80.6364575980817,5,'T.UW,0.0699999999999998,'HH.UWR,T.'EYS.EY,T,#,T,T,final,1.0,1.0,1.0,initial,open
479.4090527983808,2300.2784978268846,3076.569757582489,3.2863954164298343,3.441614829031658,3.1774116096049347,5871.794871794871,2.02090321036e-05,2.329375,0.031,0.3297872340425531,0-0-7-1,EY,utterance_008494,group_0,1,fave,254.7792597357462,79.42983514884855,5,T.'EYS.EY,0.0700000000000002,'T.UW,AAHH.'AAL,T,S,T,S,internal,0.0,1.0,2.0,initial,open
894.3591711751019,1816.0856485032973,2619.8990776504843,3.2323579249441248,3.399333724129157,3.795970102433359,6230.769230769231,0.0006976926549058,2.549375,0.071,0.3317757009345794,0-0-8-0,AA,utterance_008494,group_0,1,fave,199.5118586131429,79.83667954320956,5,AAHH.'AAL,0.1899999999999999,T.'EYS.EY,K.AAL.'AAM.AANT.AHR,#,HH,EY1 [sidx=2/sN=2/pos=final/oc=open],HH,initial,0.0,1.0,2.0,initial,open
1017.6487931917812,1398.6495130482035,2463.1857207977937,3.277147787389848,3.782415170477941,3.792622252673028,6051.282051282051,0.0003291647510567,2.772375,0.037,0.324561403508772,0-0-8-2,AA,utterance_008494,group_0,1,fave,253.9879780508417,82.530417126738,5,AAHH.'AAL,0.0900000000000003,T.'EYS.EY,K.AAL.'AAM.AANT.AHR,HH,L,HH,L,internal,1.0,2.0,2.0,final,closed
832.4580535196117,1530.9984895086866,2731.8205524120967,3.4294052385787475,3.343430859456616,3.665888843870746,6051.282051282051,1.36215862187e-05,2.987375,0.027,0.3214285714285714,0-0-9-1,AA,utterance_008494,group_0,1,fave,280.2615184425682,82.84121324256014,5,K.AAL.'AAM.AANT.AHR,0.06,AAHH.'AAL,'ɕ.AAV,K,L,K,L,internal,0.0,1.0,4.0,initial,open
952.261750529886,1479.3874592422037,3012.0447164548727,3.562188962375633,3.244457062200352,3.92391844821818,6051.282051282051,1.91506054709e-05,3.2713749999999995,0.035,0.3365384615384615,0-0-9-5,AA,utterance_008494,group_0,1,fave,219.15684786681044,80.52807462425365,5,K.AAL.'AAM.AANT.AHR,0.08,AAHH.'AAL,'ɕ.AAV,M,N,M,N,internal,1.0,3.0,4.0,med,closed
823.0017209747547,1958.638564426564,2706.3649881393862,3.3437529809797577,3.624455347262286,3.865676688604148,6051.282051282051,0.0004428706647379,3.681375,0.0549999999999999,0.3353658536585365,0-0-10-1,AA,utterance_008494,group_0,1,fave,235.7915067995632,78.9615197978429,5,'ɕ.AAV,0.1399999999999996,K.AAL.'AAM.AANT.AHR,SIL,ɕ,V,ɕ,V,internal,1.0,1.0,1.0,initial,closed
