,rate,npvi_v,cv_dur,f0_sd_st,f0_range_st,final_f0_rel,final_int_rel,vf_fullV,f0_undef_share
rate,1.0,0.12,0.126,0.003,0.057,0.162,-0.116,-0.165,-0.202
npvi_v,0.12,1.0,0.55,0.06,0.059,0.002,-0.133,-0.142,-0.039
cv_dur,0.126,0.55,1.0,0.123,0.086,-0.115,-0.388,-0.158,0.001
f0_sd_st,0.003,0.06,0.123,1.0,0.845,-0.448,-0.069,0.08,0.062
f0_range_st,0.057,0.059,0.086,0.845,1.0,-0.218,-0.012,0.048,0.029
final_f0_rel,0.162,0.002,-0.115,-0.448,-0.218,1.0,0.322,-0.089,-0.081
final_int_rel,-0.116,-0.133,-0.388,-0.069,-0.012,0.322,1.0,0.109,0.09
vf_fullV,-0.165,-0.142,-0.158,0.08,0.048,-0.089,0.109,1.0,0.231
f0_undef_share,-0.202,-0.039,0.001,0.062,0.029,-0.081,0.09,0.231,1.0
