metric,orientation,pc1_loading,pc1_loading_odd,r_with_score,winsor_lo,winsor_hi
rate,1,0.21590264260206432,0.14436315797094218,0.30835399886388465,1.2657694495804295,5.681818181818182
npvi_v,-1,0.3170422488897083,0.3509671792433924,0.45914900446896967,12.775906120023667,69.02665274291756
cv_dur,-1,0.42210540617378284,0.4209221027435696,0.3819724992741456,0.15943437138479621,0.8248331072899368
f0_sd_st,-1,0.511218341987776,0.4866139364002918,0.6007872156470502,0.8136460918102943,4.675421723498768
f0_range_st,-1,0.47570074322800615,0.4570538958854015,0.6201335972043065,1.5911335605887218,10.079395427873825
final_f0_rel,-1,-0.2612320256483595,-0.3268511112914723,0.2355620820814266,-8.884879092471886,6.604240696026306
final_int_rel,-1,-0.3280737794679314,-0.3539035638575904,0.15661748151510863,-44.662508529763635,1.8159712573501334
vf_fullV,-1,-0.08805743967298035,-0.03177367359395141,0.2971078049229572,0.7047964285714285,1.0
f0_undef_share,1,-0.05859358704142506,-0.005056332295803721,0.35476423029426357,0.0,0.2727272727272727
