subset,flag,n_true,n_false,mean_true,mean_false,diff,ci_lo,ci_hi
all,has_digit,918,36369.0,-0.43901628035149587,0.016275415108765182,-0.45529169546026105,-0.4825701539086586,-0.4280132370118635
all,has_quote_or_dash,7803,29484.0,-0.026483083793651784,0.013415789227034073,-0.03989887302068586,-0.04912636847377949,-0.030671377567592226
all,spearman_r_text_length,37287,,,,-0.004961432278336827,,
voice_main,has_digit,746,24567.0,-0.4359459212436293,0.01543435755088167,-0.451380278794511,-0.48079575235612715,-0.4219648052328948
voice_main,has_quote_or_dash,6865,18448.0,-0.00980010254064728,0.006571872758364382,-0.016371975299011663,-0.02555483708699078,-0.007189113511032545
voice_main,spearman_r_text_length,25313,,,,0.03134100601813845,,
common_voice_chuvash,has_digit,0,10690.0,,0.04003135702929293,,,
common_voice_chuvash,has_quote_or_dash,547,10143.0,-0.0623026841431897,0.04555011090106144,-0.10785279504425113,-0.1480474765398605,-0.06765811354864176
common_voice_chuvash,spearman_r_text_length,10690,,,,-0.05740766722852693,,
