k,BIC,AIC,converged,delta,context
3,418171.33069472754,417910.2697993326,True,19299.444080426823,non_palatal
4,409017.2075558956,408666.1256620886,True,10145.320941594895,non_palatal
5,407208.86691479804,406767.764022579,True,8336.980300497322,non_palatal
6,406061.426821087,405530.30293045595,True,7189.540206786303,non_palatal
7,404975.26469942153,404354.1198103784,True,6103.378085120814,non_palatal
8,402679.5340299404,401968.36814248527,True,3807.647415639658,non_palatal
9,401910.6217661609,401109.43488029373,True,3038.7351518601645,non_palatal
10,400592.60698268376,399701.39909840457,True,1720.7203683830448,non_palatal
11,399983.4159952471,399002.18711255584,True,1111.529380946362,non_palatal
12,398871.8866143007,397800.63673319743,True,0.0,non_palatal
