allomorphs,n,pct_back_stem_before_back_form,pct_back_stem_before_front_form,difference
-са / -се,11452,88.23431519387586,24.80249862208341,63.431816571792446
-ла / -ле,11226,91.31652661064426,8.418991678903573,82.89753493174068
-на / -не,10581,,29.97826292410925,
-ра / -ре,10092,77.56151814263868,9.313556398758193,68.24796174388048
-нӑ / -нӗ,9339,96.88325409403063,12.295081967213115,84.58817212681751
-лӑ / -лӗ,6752,95.45694664553619,27.41065407956844,68.04629256596775
-тӑ / -тӗ,5133,68.20841460016717,20.790155440414505,47.41825915975267
-па / -пе,4422,,8.525554047942109,
-ча / -че,4376,81.01472995090016,3.1606905710491366,77.85403937985103
-ҫа / -ҫе,1960,80.18691588785046,8.732394366197182,71.45452152165328
