word_label,word_label_IPA,vowel_label,vowel_cat_5,corpus_freq,n_chars
и,i,i,F,78680,1
не,ne,e,F,33413,2
ра,ra,a,F,23177,2
ҫке,ɕke,e,F,22643,3
ла,la,a,F,22111,2
са,sa,a,F,18188,2
нӑ,nɵ,ɵ,R,17003,2
се,se,e,F,16758,2
a,a,a,F,13858,1
пе,pe,e,F,13670,2
тӑ,tɵ,ɵ,R,12398,2
ле,le,e,F,12329,2
че,tɕe,e,F,11996,2
лӑ,lɵ,ɵ,R,11814,2
нӗ,nø,ø,R,10985,2
ка,ka,a,F,10374,2
ри,ri,i,F,9723,2
ти,ti,i,F,9246,2
ре,re,e,F,9234,2
лӗ,lø,ø,R,8954,2
кӑ,kɵ,ɵ,R,8410,2
вӗ,ʋø,ø,R,8379,2
ҫӗ,ɕø,ø,R,8104,2
ва,ʋa,a,F,7995,2
чӗ,tɕø,ø,R,7681,2
ли,li,i,F,7264,2
ки,ki,i,F,6506,2
рӑ,rɵ,ɵ,R,6424,2
рӗ,rø,ø,R,6349,2
ҫа,ɕa,a,F,5886,2
кӗ,kø,ø,R,5638,2
шӗ,ʃø,ø,R,5015,2
ӗ,ø,ø,R,4952,1
хи,xi,i,F,4722,2
тӗ,tø,ø,R,4668,2
пӗ,pø,ø,R,4383,2
я,ja,a,F,4166,1
вӑ,ʋɵ,ɵ,R,4139,2
хӗ,xø,ø,R,4045,2
пи,pi,i,F,3512,2
ке,ke,e,F,3344,2
пы,pʉ,ʉ,R,3293,2
вы,ʋʉ,ʉ,R,3092,2
чӑ,tɕɵ,ɵ,R,3045,2
шӑ,ʃɵ,ɵ,R,2849,2
мӗ,mø,ø,R,2766,2
ви,ʋi,i,F,2677,2
сӑ,sɵ,ɵ,R,2561,2
у,u,u,F,2504,1
йы,jʉ,ʉ,R,2430,2
пӑ,pɵ,ɵ,R,2173,2
йӗ,jø,ø,R,2047,2
мӑ,mɵ,ɵ,R,1986,2
ча,tɕa,a,F,1900,2
ру,ru,u,F,1853,2
ҫӑ,ɕɵ,ɵ,R,1820,2
ҫы,ɕʉ,ʉ,R,1741,2
ты,tʉ,ʉ,R,1637,2
ҫӳ,ɕy,y,F,1518,2
йӑ,jɵ,ɵ,R,1195,2
ҫе,ɕe,e,F,1127,2
нче,ntɕe,e,F,930,3
сӗ,sø,ø,R,884,2
чы,tɕʉ,ʉ,R,790,2
хы,xʉ,ʉ,R,775,2
шы,ʃʉ,ʉ,R,674,2
чнка,tɕnka,a,F,667,4
ве,ʋe,e,F,648,2
шку,ʃku,u,F,583,3
ы,ʉ,ʉ,R,534,1
ппэ,ppe,e,F,520,3
чпу,tɕpu,u,F,520,3
ста,sta,a,F,496,3
шне,ʃne,e,F,483,3
нӳ,ny,y,F,473,2
пра,pra,a,F,470,3
при,pri,i,F,459,3
рӳ,ry,y,F,383,2
чӳ,tɕy,y,F,379,2
спе,spe,e,F,371,3
лу,lu,u,F,370,2
нчи,ntɕi,i,F,344,3
все,ʋse,e,F,329,3
сы,sʉ,ʉ,R,322,2
нью,nʲju,u,F,278,3
мы,mʉ,ʉ,R,276,2
нле,nle,e,F,247,3
пре,pre,e,F,247,3
чппу,tɕppu,u,F,240,4
тре,tre,e,F,239,3
ҫҫхпи,ɕɕxpi,i,F,205,5
лю,lju,u,F,195,2
йе,je,e,F,195,2
e,e,e,F,187,1
сте,ste,e,F,179,3
ня,nja,a,F,179,2
чле,tɕle,e,F,173,3
ше,ʃe,e,F,158,2
сту,stu,u,F,155,3
мне,mne,e,F,144,3
тра,tra,a,F,143,3
сти,sti,i,F,136,3
три,tri,i,F,131,3
хне,xne,e,F,121,3
пла,pla,a,F,111,3
кре,kre,e,F,111,3
рле,rle,e,F,110,3
сша,sʃa,a,F,108,3
вя,ʋja,a,F,106,2
ря,rja,a,F,105,2
кру,kru,u,F,93,3
тьху,tʲxu,u,F,89,4
ҫҫӗ,ɕɕø,ø,R,85,3
тсе,tse,e,F,85,3
ллӗ,llø,ø,R,82,3
пси,psi,i,F,81,3
рне,rne,e,F,81,3
ҫта,ɕta,a,F,79,3
ссе,sse,e,F,79,3
ква,kʋa,a,F,78,3
мпу,mpu,u,F,77,3
тя,tja,a,F,76,2
клу,klu,u,F,74,3
нса,nsa,a,F,73,3
кри,kri,i,F,73,3
кра,kra,a,F,72,3
йӳ,jy,y,F,71,2
пье,pʲe,e,F,71,3
кла,kla,a,F,70,3
спи,spi,i,F,70,3
нкке,nkke,e,F,69,4
сме,sme,e,F,68,3
рсе,rse,e,F,68,3
y,y,y,F,68,1
лми,lmi,i,F,67,3
снӗ,snø,ø,R,64,3
лхи,lxi,i,F,63,3
пърле,prle,e,F,62,5
нне,nne,e,F,60,3
клӗ,klø,ø,R,59,3
ччӗ,tɕtɕø,ø,R,59,3
рте,rte,e,F,59,3
нни,nni,i,F,57,3
сссрта,sssrta,a,F,55,6
лхе,lxe,e,F,55,3
лла,lla,a,F,55,3
ҫне,ɕne,e,F,55,3
нпе,npe,e,F,54,3
тю,tju,u,F,53,2
йа,ja,a,F,53,2
лле,lle,e,F,53,3
шле,ʃle,e,F,53,3
ччи,tɕtɕi,i,F,53,3
стрӗ,strø,ø,R,51,4
сви,sʋi,i,F,51,3
шри,ʃri,i,F,51,3
тэ,te,e,F,49,2
нма,nma,a,F,47,3
кня,knja,a,F,46,3
рре,rre,e,F,46,3
ртме,rtme,e,F,45,4
спкра,spkra,a,F,44,5
ксе,kse,e,F,43,3
вла,ʋla,a,F,42,3
хэ,xe,e,F,42,2
ске,ske,e,F,41,3
нтӗ,ntø,ø,R,41,3
шши,ʃʃi,i,F,40,3
вне,ʋne,e,F,39,3
сссрти,sssrti,i,F,39,6
нсе,nse,e,F,38,3
нпа,npa,a,F,38,3
рки,rki,i,F,36,3
свя,sʋja,a,F,36,3
ъҫе,ɕe,e,F,35,3
сссра,sssra,a,F,34,5
мпе,mpe,e,F,33,3
вся,ʋsja,a,F,33,3
хса,xsa,a,F,32,3
ся,sja,a,F,32,2
кха,kxa,a,F,31,3
лсе,lse,e,F,30,3
мънле,mnle,e,F,30,5
рна,rna,a,F,30,3
тне,tne,e,F,30,3
ҫъре,ɕre,e,F,30,4
сла,sla,a,F,30,3
тнӑ,tnɵ,ɵ,R,29,3
нта,nta,a,F,28,3
мтса,mtsa,a,F,28,4
ссрӗ,ssrø,ø,R,28,4
рти,rti,i,F,27,3
прӗ,prø,ø,R,27,3
рса,rsa,a,F,27,3
хра,xra,a,F,27,3
лне,lne,e,F,27,3
ры,rʉ,ʉ,R,27,2
мтсра,mtsra,a,F,27,5
ҫя,ɕja,a,F,26,2
шпе,ʃpe,e,F,26,3
тса,tsa,a,F,26,3
тма,tma,a,F,25,3
кне,kne,e,F,24,3
ски,ski,i,F,24,3
ънтъӗ,ntø,ø,R,24,5
ҫсе,ɕse,e,F,24,3
сле,sle,e,F,24,3
рке,rke,e,F,24,3
йне,jne,e,F,23,3
спа,spa,a,F,23,3
рма,rma,a,F,23,3
схе,sxe,e,F,23,3
ршӗ,rʃø,ø,R,23,3
лни,lni,i,F,22,3
спу,spu,u,F,22,3
лли,lli,i,F,22,3
ллӑ,llɵ,ɵ,R,22,3
ртсе,rtse,e,F,22,4
пке,pke,e,F,22,3
сми,smi,i,F,21,3
нчӗ,ntɕø,ø,R,21,3
мъшънче,mʃntɕe,e,F,21,7
рта,rta,a,F,21,3
ҫхпи,ɕxpi,i,F,21,4
вви,ʋʋi,i,F,21,3
хри,xri,i,F,21,3
плӑ,plɵ,ɵ,R,21,3
лса,lsa,a,F,21,3
крю,krju,u,F,20,3
кътсе,ktse,e,F,20,5
пърре,prre,e,F,20,5
ртма,rtma,a,F,20,4
сне,sne,e,F,20,3
ҫнне,ɕnne,e,F,19,4
ню,nju,u,F,19,2
пърне,prne,e,F,19,5
кви,kʋi,i,F,19,3
ртре,rtre,e,F,19,4
ску,sku,u,F,19,3
чнкна,tɕnkna,a,F,18,5
рпе,rpe,e,F,18,3
мпа,mpa,a,F,17,3
ска,ska,a,F,17,3
ҫре,ɕre,e,F,17,3
ъне,ne,e,F,17,3
хпту,xptu,u,F,17,4
кънъӗ,knø,ø,R,17,5
рхи,rxi,i,F,17,3
пту,ptu,u,F,17,3
све,sʋe,e,F,17,3
лме,lme,e,F,16,3
слу,slu,u,F,16,3
мчсӗ,mtɕsø,ø,R,16,4
тни,tni,i,F,16,3
тта,tta,a,F,16,3
лте,lte,e,F,16,3
нэ,ne,e,F,16,2
ны,nʉ,ʉ,R,16,2
кя,kja,a,F,16,2
рри,rri,i,F,16,3
йлӗ,jlø,ø,R,15,3
лпа,lpa,a,F,15,3
пъри,pri,i,F,15,4
мчса,mtɕsa,a,F,15,4
кле,kle,e,F,15,3
рме,rme,e,F,15,3
тте,tte,e,F,15,3
тнӗ,tnø,ø,R,15,3
хпа,xpa,a,F,15,3
кпе,kpe,e,F,14,3
лы,lʉ,ʉ,R,14,2
рни,rni,i,F,14,3
хпе,xpe,e,F,14,3
кърсе,krse,e,F,14,5
ннӑ,nnɵ,ɵ,R,14,3
ркка,rkka,a,F,14,4
шма,ʃma,a,F,14,3
мри,mri,i,F,14,3
кхи,kxi,i,F,14,3
шни,ʃni,i,F,14,3
мънӗ,mnø,ø,R,13,4
сссрпа,sssrpa,a,F,13,6
пва,pʋa,a,F,13,3
йлчӗ,jltɕø,ø,R,13,4
клӑ,klɵ,ɵ,R,13,3
лти,lti,i,F,13,3
шли,ʃli,i,F,13,3
чнкра,tɕnkra,a,F,13,5
нна,nna,a,F,13,3
кхе,kxe,e,F,13,3
ртса,rtsa,a,F,13,4
стра,stra,a,F,13,4
тме,tme,e,F,13,3
нме,nme,e,F,13,3
трӗ,trø,ø,R,13,3
тру,tru,u,F,13,3
ҫйхпи,ɕjxpi,i,F,13,5
пле,ple,e,F,12,3
мя,mja,a,F,12,2
кры,krʉ,ʉ,R,12,3
ъҫне,ɕne,e,F,12,4
пэ,pe,e,F,12,2
шла,ʃla,a,F,12,3
спту,sptu,u,F,12,4
всю,ʋsju,u,F,12,3
кли,kli,i,F,12,3
мра,mra,a,F,12,3
сна,sna,a,F,12,3
стя,stja,a,F,12,3
сю,sju,u,F,12,2
шсе,ʃse,e,F,11,3
шса,ʃsa,a,F,11,3
квнра,kʋnra,a,F,11,5
лпу,lpu,u,F,11,3
рту,rtu,u,F,11,3
хма,xma,a,F,11,3
тълъшпе,tlʃpe,e,F,11,7
рю,rju,u,F,11,2
сътсе,stse,e,F,11,5
рла,rla,a,F,11,3
нхи,nxi,i,F,11,3
чнкпа,tɕnkpa,a,F,11,5
кпа,kpa,a,F,11,3
ҫннче,ɕnntɕe,e,F,11,5
ҫкӗ,ɕkø,ø,R,11,3
ҫри,ɕri,i,F,11,3
нти,nti,i,F,10,3
лта,lta,a,F,10,3
нте,nte,e,F,10,3
рпа,rpa,a,F,10,3
кка,kka,a,F,10,3
ja,ja,a,F,10,2
шта,ʃta,a,F,10,3
къпе,kpe,e,F,10,4
ce,se,e,F,10,2
сму,smu,u,F,10,3
ртни,rtni,i,F,10,4
сли,sli,i,F,10,3
снъӗ,snø,ø,R,9,4
тля,tlja,a,F,9,3
ннӗ,nnø,ø,R,9,3
тпа,tpa,a,F,9,3
пти,pti,i,F,9,3
сни,sni,i,F,9,3
ртри,rtri,i,F,9,4
чппи,tɕppi,i,F,9,4
хре,xre,e,F,9,3
хълле,xlle,e,F,9,5
ҫра,ɕra,a,F,9,3
вва,ʋʋa,a,F,9,3
мчсра,mtɕsra,a,F,9,5
мре,mre,e,F,9,3
тпе,tpe,e,F,9,3
пю,pju,u,F,9,2
ҫме,ɕme,e,F,9,3
сси,ssi,i,F,9,3
тълне,tlne,e,F,9,5
кте,kte,e,F,9,3
нка,nka,a,F,9,3
je,je,e,F,9,2
ҫйне,ɕjne,e,F,8,4
мву,mʋu,u,F,8,3
ҫпе,ɕpe,e,F,8,3
ппу,ppu,u,F,8,3
тви,tʋi,i,F,8,3
къртнъӗ,krtnø,ø,R,8,7
стви,stʋi,i,F,8,4
сче,stɕe,e,F,8,3
нкӗ,nkø,ø,R,8,3
ппа,ppa,a,F,8,3
тти,tti,i,F,8,3
чълхе,tɕlxe,e,F,8,5
хла,xla,a,F,8,3
квна,kʋna,a,F,8,4
ҫърте,ɕrte,e,F,8,5
лье,lʲe,e,F,8,3
вра,ʋra,a,F,8,3
тънче,tntɕe,e,F,8,5
сре,sre,e,F,7,3
нра,nra,a,F,7,3
ххи,xxi,i,F,7,3
мста,msta,a,F,7,4
тъпе,tpe,e,F,7,4
пҫҫхи,pɕɕxi,i,F,7,5
мэ,me,e,F,7,2
шпа,ʃpa,a,F,7,3
вна,ʋna,a,F,7,3
шэ,ʃe,e,F,7,2
шка,ʃka,a,F,7,3
кэ,ke,e,F,7,2
ca,sa,a,F,7,2
чнти,tɕnti,i,F,7,4
шме,ʃme,e,F,7,3
рнӗ,rnø,ø,R,6,3
рья,rʲja,a,F,6,3
ҫмне,ɕmne,e,F,6,4
кхӗ,kxø,ø,R,6,3
тва,tʋa,a,F,6,3
вка,ʋka,a,F,6,3
чка,tɕka,a,F,6,3
пъртте,prtte,e,F,6,6
йма,jma,a,F,6,3
спкри,spkri,i,F,6,5
штӑ,ʃtɵ,ɵ,R,6,3
рҫи,rɕi,i,F,6,3
ъҫпе,ɕpe,e,F,6,4
йи,ji,i,F,6,2
кппра,kppra,a,F,6,5
тьмы,tʲmʉ,ʉ,R,6,4
вью,ʋʲju,u,F,6,3
крли,krli,i,F,6,4
рши,rʃi,i,F,6,3
вътӗ,ʋtø,ø,R,6,4
чъртсе,tɕrtse,e,F,6,6
чълхи,tɕlxi,i,F,6,5
прэ,pre,e,F,6,3
ҫппа,ɕppa,a,F,6,4
млӗ,mlø,ø,R,6,3
ҫпа,ɕpa,a,F,6,3
хни,xni,i,F,6,3
хпу,xpu,u,F,6,3
срӗ,srø,ø,R,6,3
лья,lʲja,a,F,6,3
сри,sri,i,F,5,3
тa,ta,a,F,5,2
йкӗ,jkø,ø,R,5,3
нри,nri,i,F,5,3
нлчӗ,nltɕø,ø,R,5,4
сра,sra,a,F,5,3
тлӗ,tlø,ø,R,5,3
смспа,smspa,a,F,5,5
йра,jra,a,F,5,3
кнрти,knrti,i,F,5,5
сса,ssa,a,F,5,3
ййа,jja,a,F,5,3
нми,nmi,i,F,5,3
рлӗ,rlø,ø,R,5,3
кке,kke,e,F,5,3
вса,ʋsa,a,F,5,3
врхи,ʋrxi,i,F,5,4
рпи,rpi,i,F,5,3
чэ,tɕe,e,F,5,2
рнӑ,rnɵ,ɵ,R,5,3
шлӗ,ʃlø,ø,R,5,3
кю,kju,u,F,5,2
лтӑ,ltɵ,ɵ,R,5,3
кки,kki,i,F,5,3
шту,ʃtu,u,F,5,3
рка,rka,a,F,5,3
лма,lma,a,F,5,3
ҫкхна,ɕkxna,a,F,5,5
ъҫсе,ɕse,e,F,5,4
ье,ьe,e,F,5,2
кмпа,kmpa,a,F,5,4
ьпе,ьpe,e,F,5,3
тьма,tʲma,a,F,5,4
рсу,rsu,u,F,5,3
кна,kna,a,F,5,3
тхти,txti,i,F,5,4
пнрки,pnrki,i,F,5,5
мйа,mja,a,F,5,3
ҫхе,ɕxe,e,F,5,3
ҫҫе,ɕɕe,e,F,5,3
къчъӗ,ktɕø,ø,R,5,5
хве,xʋe,e,F,5,3
мнле,mnle,e,F,5,4
jy,jy,y,F,5,2
пмкра,pmkra,a,F,4,5
прле,prle,e,F,4,4
пши,pʃi,i,F,4,3
пру,pru,u,F,4,3
птркна,ptrkna,a,F,4,6
пмкпи,pmkpi,i,F,4,5
йу,ju,u,F,4,2
кйрлӗ,kjrlø,ø,R,4,5
пя,pja,a,F,4,2
спкна,spkna,a,F,4,5
йъри,jri,i,F,4,4
рпӳ,rpy,y,F,4,3
нья,nʲja,a,F,4,3
йя,jja,a,F,4,2
ртнӑ,rtnɵ,ɵ,R,4,4
кнлнӗ,knlnø,ø,R,4,5
нха,nxa,a,F,4,3
рчи,rtɕi,i,F,4,3
рчӗ,rtɕø,ø,R,4,3
сма,sma,a,F,4,3
йърке,jrke,e,F,4,5
кшша,kʃʃa,a,F,4,4
трчи,trtɕi,i,F,4,4
кнӗ,knø,ø,R,4,3
шпи,ʃpi,i,F,4,3
мма,mma,a,F,4,3
млӑ,mlɵ,ɵ,R,4,3
мку,mku,u,F,4,3
хъре,xre,e,F,4,4
хърне,xrne,e,F,4,5
хърпе,xrpe,e,F,4,5
хъръпе,xrpe,e,F,4,6
хью,xʲju,u,F,4,3
лҫи,lɕi,i,F,4,3
лэ,le,e,F,4,2
чъре,tɕre,e,F,4,4
шки,ʃki,i,F,4,3
шрӗ,ʃrø,ø,R,4,3
вэ,ʋe,e,F,4,2
шъте,ʃte,e,F,4,4
ълъкхи,lkxi,i,F,4,6
ъссе,sse,e,F,4,4
ъҫре,ɕre,e,F,4,4
ҫкхра,ɕkxra,a,F,4,5
ҫле,ɕle,e,F,4,3
кътъмӗ,ktmø,ø,R,4,6
ҫнтнӗ,ɕntnø,ø,R,4,5
къске,kske,e,F,4,5
вве,ʋʋe,e,F,4,3
ҫьшна,ɕʲʃna,a,F,4,5
ҫҫи,ɕɕi,i,F,4,3
мми,mmi,i,F,4,3
пппу,pppu,u,F,4,4
мчспа,mtɕspa,a,F,4,5
тлӑ,tlɵ,ɵ,R,4,3
тъспе,tspe,e,F,4,5
тчнка,ttɕnka,a,F,4,5
йли,jli,i,F,4,3
мю,mju,u,F,4,2
вю,ʋju,u,F,4,2
ййи,jji,i,F,4,3
тпу,tpu,u,F,4,3
пълме,plme,e,F,3,5
пълнъӗ,plnø,ø,R,3,6
пълъве,plʋe,e,F,3,6
ҫйтсе,ɕjtse,e,F,3,5
ҫy,ɕy,y,F,3,2
ьпти,ьpti,i,F,3,4
ҫa,ɕa,a,F,3,2
ьте,ьte,e,F,3,3
ҫкхпа,ɕkxpa,a,F,3,5
кйлчӗ,kjltɕø,ø,R,3,5
ъҫме,ɕme,e,F,3,4
тe,te,e,F,3,2
ъмърлъхе,mrlxe,e,F,3,8
пъве,pʋe,e,F,3,4
ршя,rʃja,a,F,3,3
пхӳ,pxy,y,F,3,3
сънчъӗ,sntɕø,ø,R,3,6
ълкърнъӗ,lkrnø,ø,R,3,8
йлтрпе,jltrpe,e,F,3,6
вйҫӗ,ʋjɕø,ø,R,3,4
схпкра,sxpkra,a,F,3,6
сны,snʉ,ʉ,R,3,3
пта,pta,a,F,3,3
ҫнтрӗ,ɕntrø,ø,R,3,5
схпка,sxpka,a,F,3,5
ҫънсе,ɕnse,e,F,3,5
ҫъръпе,ɕrpe,e,F,3,6
кку,kku,u,F,3,3
стка,stka,a,F,3,4
йна,jna,a,F,3,3
птрӗ,ptrø,ø,R,3,4
рли,rli,i,F,3,3
тка,tka,a,F,3,3
сва,sʋa,a,F,3,3
йка,jka,a,F,3,3
слӑ,slɵ,ɵ,R,3,3
всӑ,ʋsɵ,ɵ,R,3,3
ртне,rtne,e,F,3,4
хъръӗ,xrø,ø,R,3,5
скра,skra,a,F,3,4
вҫӗ,ʋɕø,ø,R,3,3
ткртса,tkrtsa,a,F,3,6
въри,ʋri,i,F,3,4
ртте,rtte,e,F,3,4
хнӑ,xnɵ,ɵ,R,3,3
рэ,re,e,F,3,2
рше,rʃe,e,F,3,3
хлле,xlle,e,F,3,4
вси,ʋsi,i,F,3,3
йпе,jpe,e,F,3,3
рпу,rpu,u,F,3,3
чхне,tɕxne,e,F,3,4
чънсе,tɕnse,e,F,3,5
йса,jsa,a,F,3,3
чъри,tɕri,i,F,3,4
шве,ʃʋe,e,F,3,3
швы,ʃʋʉ,ʉ,R,3,3
внҫӗ,ʋnɕø,ø,R,3,4
шля,ʃlja,a,F,3,3
рму,rmu,u,F,3,3
вну,ʋnu,u,F,3,3
шнӗ,ʃnø,ø,R,3,3
смска,smska,a,F,3,5
въҫъӗ,ʋɕø,ø,R,3,5
квнӗ,kʋnø,ø,R,3,4
чрви,tɕrʋi,i,F,3,4
ӱ,y,y,F,3,1
лчӗ,ltɕø,ø,R,3,3
пйрки,pjrki,i,F,3,5
лпе,lpe,e,F,3,3
кръӗ,krø,ø,R,3,4
пне,pne,e,F,3,3
кчӗ,ktɕø,ø,R,3,3
мле,mle,e,F,3,3
кнрлӗ,knrlø,ø,R,3,5
лнӗ,lnø,ø,R,3,3
мтсри,mtsri,i,F,3,5
кы,kʉ,ʉ,R,3,2
кхрпа,kxrpa,a,F,3,5
къҫънни,kɕnni,i,F,3,7
къме,kme,e,F,3,4
кътнъӗ,ktnø,ø,R,3,6
пки,pki,i,F,3,3
нрти,nrti,i,F,3,4
кхмӗ,kxmø,ø,R,3,4
кса,ksa,a,F,3,3
мнхха,mnxxa,a,F,3,5
крӗ,krø,ø,R,3,3
мнпе,mnpe,e,F,3,4
ксчӗ,kstɕø,ø,R,2,4
ктлсе,ktlse,e,F,2,5
тъле,tle,e,F,2,4
сйи,sji,i,F,2,3
чнкри,tɕnkri,i,F,2,5
ъҫӗ,ɕø,ø,R,2,3
тчӗ,ttɕø,ø,R,2,3
ссрне,ssrne,e,F,2,5
лью,lʲju,u,F,2,3
ъҫкъпе,ɕkpe,e,F,2,6
тълъннъӗ,tlnnø,ø,R,2,8
скӗ,skø,ø,R,2,3
йта,jta,a,F,2,3
ъснӗ,snø,ø,R,2,4
ттӗ,ttø,ø,R,2,3
мпту,mptu,u,F,2,4
ъни,ni,i,F,2,3
ъмътпе,mtpe,e,F,2,6
ъмътне,mtne,e,F,2,6
тссе,tsse,e,F,2,4
тспра,tspra,a,F,2,5
йъкъте,jkte,e,F,2,6
ьттла,ьttla,a,F,2,5
чна,tɕna,a,F,2,3
вку,ʋku,u,F,2,3
кнле,knle,e,F,2,4
нтӳ,nty,y,F,2,3
ртсра,rtsra,a,F,2,5
кнлсе,knlse,e,F,2,5
нтӑ,ntɵ,ɵ,R,2,3
тъттъмре,tttmre,e,F,2,8
ҫйтнӗ,ɕjtnø,ø,R,2,5
йърсе,jrse,e,F,2,5
мншша,mnʃʃa,a,F,2,5
ҫйнче,ɕjntɕe,e,F,2,5
лка,lka,a,F,2,3
тъсли,tsli,i,F,2,5
нту,ntu,u,F,2,3
ьлӗ,ьlø,ø,R,2,3
ҫвна,ɕʋna,a,F,2,4
шe,ʃe,e,F,2,2
мe,me,e,F,2,2
нтвра,ntʋra,a,F,2,5
лки,lki,i,F,2,3
рье,rʲe,e,F,2,3
нтвна,ntʋna,a,F,2,5
члхе,tɕlxe,e,F,2,4
ья,ьja,a,F,2,2
рҫа,rɕa,a,F,2,3
рҫӑ,rɕɵ,ɵ,R,2,3
лкӗ,lkø,ø,R,2,3
тскра,tskra,a,F,2,5
йри,jri,i,F,2,3
снксе,snkse,e,F,2,5
шлсе,ʃlse,e,F,2,4
тнрӗ,tnrø,ø,R,2,4
лха,lxa,a,F,2,3
мтспа,mtspa,a,F,2,5
схи,sxi,i,F,2,3
крсе,krse,e,F,2,4
мъшӗ,mʃø,ø,R,2,4
съмлъхӗ,smlxø,ø,R,2,7
съмне,smne,e,F,2,5
чърлъхе,tɕrlxe,e,F,2,7
сърнъӗ,srnø,ø,R,2,6
кппна,kppna,a,F,2,5
шлӑ,ʃlɵ,ɵ,R,2,3
сътърнъӗ,strnø,ø,R,2,8
мтсӗ,mtsø,ø,R,2,4
снсрӗ,snsrø,ø,R,2,5
йлсе,jlse,e,F,2,4
сье,sʲe,e,F,2,3
сэ,se,e,F,2,2
тлчӗ,tltɕø,ø,R,2,4
вру,ʋru,u,F,2,3
тле,tle,e,F,2,3
мшпа,mʃpa,a,F,2,4
мшнче,mʃntɕe,e,F,2,5
льва,lʲʋa,a,F,2,4
мчнка,mtɕnka,a,F,2,5
тки,tki,i,F,2,3
лъхъпе,lxpe,e,F,2,6
тйи,tji,i,F,2,3
шре,ʃre,e,F,2,3
чънтъмърӗ,tɕntmrø,ø,R,2,9
мтсне,mtsne,e,F,2,5
шрша,ʃrʃa,a,F,2,4
тскна,tskna,a,F,2,5
ъмъре,mre,e,F,2,5
ксу,ksu,u,F,2,3
ртра,rtra,a,F,2,4
ннҫе,nnɕe,e,F,2,4
чта,tɕta,a,F,2,3
йпле,jple,e,F,2,4
ъа,a,a,F,2,2
чтлӑ,tɕtlɵ,ɵ,R,2,4
лнӑ,lnɵ,ɵ,R,2,3
сппу,sppu,u,F,2,4
кнъӗ,knø,ø,R,2,4
чхи,tɕxi,i,F,2,3
мрэ,mre,e,F,2,3
шшӗ,ʃʃø,ø,R,2,3
ссрса,ssrsa,a,F,2,5
трта,trta,a,F,2,4
мса,msa,a,F,2,3
мсу,msu,u,F,2,3
кси,ksi,i,F,2,3
штра,ʃtra,a,F,2,4
шти,ʃti,i,F,2,3
чъмпърте,tɕmprte,e,F,2,8
мсэ,mse,e,F,2,3
мӳ,my,y,F,2,2
чъннъӗ,tɕnnø,ø,R,2,6
кпи,kpi,i,F,2,3
вхта,ʋxta,a,F,2,4
ҫве,ɕʋe,e,F,2,3
тье,tʲe,e,F,2,3
хме,xme,e,F,2,3
клса,klsa,a,F,2,4
пълсе,plse,e,F,2,5
пълтъмӗ,pltmø,ø,R,2,7
хлӗ,xlø,ø,R,2,3
кърхи,krxi,i,F,2,5
хъръме,xrme,e,F,2,6
плме,plme,e,F,2,4
ммспа,mmspa,a,F,2,5
пърпърне,prprne,e,F,2,8
хйне,xjne,e,F,2,4
клчӗ,kltɕø,ø,R,2,4
ҫрэ,ɕre,e,F,2,3
ртнӗ,rtnø,ø,R,2,4
пъчъкӗ,ptɕkø,ø,R,2,6
ҫрнӑ,ɕrnɵ,ɵ,R,2,4
хва,xʋa,a,F,2,3
пьшӑ,pʲʃɵ,ɵ,R,2,4
пку,pku,u,F,2,3
пка,pka,a,F,2,3
ҫпчӗ,ɕptɕø,ø,R,2,4
кйлсе,kjlse,e,F,2,5
късье,ksʲe,e,F,2,5
мна,mna,a,F,2,3
рва,rʋa,a,F,2,3
къте,kte,e,F,2,4
ҫнӗ,ɕnø,ø,R,2,3
пйхса,pjxsa,a,F,2,5
мммӗ,mmmø,ø,R,2,4
пъе,pe,e,F,2,3
ҫнче,ɕntɕe,e,F,2,4
ҫхю,ɕxju,u,F,2,3
хсе,xse,e,F,2,3
вълле,ʋlle,e,F,2,5
хру,xru,u,F,2,3
къвъӗ,kʋø,ø,R,2,5
хху,xxu,u,F,2,3
кълли,klli,i,F,2,5
пнчче,pntɕtɕe,e,F,2,5
пря,prja,a,F,2,3
въпе,ʋpe,e,F,2,4
пса,psa,a,F,2,3
мла,mla,a,F,2,3
ҫьрма,ɕʲrma,a,F,2,5
псху,psxu,u,F,2,4
хъвне,xʋne,e,F,2,5
птра,ptra,a,F,2,4
пмпа,pmpa,a,F,2,4
млчӗ,mltɕø,ø,R,2,4
птркра,ptrkra,a,F,2,6
пмка,pmka,a,F,2,4
птӗ,ptø,ø,R,2,3
ҫърпе,ɕrpe,e,F,2,5
ҫърле,ɕrle,e,F,2,5
пху,pxu,u,F,2,3
къпи,kpi,i,F,2,4
къртме,krtme,e,F,2,6
мвту,mʋtu,u,F,2,4
ҫшне,ɕʃne,e,F,2,4
въҫме,ʋɕme,e,F,2,5
хърӗ,xrø,ø,R,2,4
тьӑ,tʲɵ,ɵ,R,2,3
ҫннчи,ɕnntɕi,i,F,2,5
въҫънче,ʋɕntɕe,e,F,2,7
кхя,kxja,a,F,2,3
йьшше,jʲʃʃe,e,F,2,5
ҫки,ɕki,i,F,2,3
ҫла,ɕla,a,F,2,3
йью,jʲju,u,F,2,3
тьму,tʲmu,u,F,2,4
кпу,kpu,u,F,2,3
кҫӗ,kɕø,ø,R,2,3
ҫнна,ɕnna,a,F,2,4
ҫку,ɕku,u,F,2,3
нье,nʲe,e,F,2,3
ҫни,ɕni,i,F,2,3
кe,ke,e,F,2,2
пву,pʋu,u,F,2,3
хьшса,xʲʃsa,a,F,2,5
квнри,kʋnri,i,F,2,5
рра,rra,a,F,2,3
йьшша,jʲʃʃa,a,F,2,5
ҫна,ɕna,a,F,2,3
ркӗ,rkø,ø,R,2,3
вхтра,ʋxtra,a,F,2,5
нънче,nntɕe,e,F,2,5
въҫне,ʋɕne,e,F,2,5
ҫнте,ɕnte,e,F,2,4
рку,rku,u,F,2,3
тья,tʲja,a,F,2,3
нҫи,nɕi,i,F,2,3
тьпрӗ,tʲprø,ø,R,2,5
ҫлӑ,ɕlɵ,ɵ,R,2,3
пйтӗ,pjtø,ø,R,2,4
ҫлӗ,ɕlø,ø,R,2,3
кме,kme,e,F,2,3
кмрвсе,kmrʋse,e,F,2,6
хълъпе,xlpe,e,F,1,6
мy,my,y,F,1,2
чънъӗ,tɕnø,ø,R,1,5
мка,mka,a,F,1,3
чъпӗ,tɕpø,ø,R,1,4
чйрлӗ,tɕjrlø,ø,R,1,5
хъра,xra,a,F,1,4
льмра,lʲmra,a,F,1,5
хълне,xlne,e,F,1,5
чйшкӑ,tɕjʃkɵ,ɵ,R,1,5
хшши,xʃʃi,i,F,1,4
лька,lʲka,a,F,1,4
чърлъхне,tɕrlxne,e,F,1,8
вре,ʋre,e,F,1,3
хха,xxa,a,F,1,3
вртсе,ʋrtse,e,F,1,5
чя,tɕja,a,F,1,2
мки,mki,i,F,1,3
чю,tɕju,u,F,1,2
вхскра,ʋxskra,a,F,1,6
чья,tɕʲja,a,F,1,3
вчӗ,ʋtɕø,ø,R,1,3
чйксе,tɕjkse,e,F,1,5
хххы,xxxʉ,ʉ,R,1,4
чью,tɕʲju,u,F,1,3
чъҫӗ,tɕɕø,ø,R,1,4
льву,lʲʋu,u,F,1,4
хчӗ,xtɕø,ø,R,1,3
хья,xʲja,a,F,1,3
чйкӗ,tɕjkø,ø,R,1,4
чкна,tɕkna,a,F,1,4
хъве,xʋe,e,F,1,4
хъле,xle,e,F,1,4
чърлъхӗ,tɕrlxø,ø,R,1,7
льна,lʲna,a,F,1,4
чплӑ,tɕplɵ,ɵ,R,1,4
чкра,tɕkra,a,F,1,4
лҫа,lɕa,a,F,1,3
чте,tɕte,e,F,1,3
лҫша,lɕʃa,a,F,1,4
хъсънсе,xsnse,e,F,1,7
чсха,tɕsxa,a,F,1,4
встри,ʋstri,i,F,1,5
чртме,tɕrtme,e,F,1,5
чнкне,tɕnkne,e,F,1,5
чрса,tɕrsa,a,F,1,4
хътърпе,xtrpe,e,F,1,7
вши,ʋʃi,i,F,1,3
хьшрӗ,xʲʃrø,ø,R,1,5
мвлки,mʋlki,i,F,1,5
чркпу,tɕrkpu,u,F,1,5
льта,lʲta,a,F,1,4
крпа,krpa,a,F,1,4
льте,lʲte,e,F,1,4
чнме,tɕnme,e,F,1,4
хьшнӑ,xʲʃnɵ,ɵ,R,1,5
чпта,tɕpta,a,F,1,4
вски,ʋski,i,F,1,4
льхи,lʲxi,i,F,1,4
чнэ,tɕne,e,F,1,3
мва,mʋa,a,F,1,3
хърънне,xrnne,e,F,1,7
крлӗ,krlø,ø,R,1,4
мвтпа,mʋtpa,a,F,1,5
чънме,tɕnme,e,F,1,5
чъмпърти,tɕmprti,i,F,1,8
чпна,tɕpna,a,F,1,4
чъмпъре,tɕmpre,e,F,1,7
члхре,tɕlxre,e,F,1,5
льне,lʲne,e,F,1,4
чля,tɕlja,a,F,1,3
льня,lʲnja,a,F,1,4
чши,tɕʃi,i,F,1,3
льпе,lʲpe,e,F,1,4
мври,mʋri,i,F,1,4
хъръмӗ,xrmø,ø,R,1,6
ччӑ,tɕtɕɵ,ɵ,R,1,3
чччӗ,tɕtɕtɕø,ø,R,1,4
чма,tɕma,a,F,1,3
ччлӗ,tɕtɕlø,ø,R,1,4
льса,lʲsa,a,F,1,4
льста,lʲsta,a,F,1,5
хъръмпе,xrmpe,e,F,1,7
чмэ,tɕme,e,F,1,3
чтпа,tɕtpa,a,F,1,4
чтне,tɕtne,e,F,1,4
лъхӗ,lxø,ø,R,1,4
шью,ʃʲju,u,F,1,3
шва,ʃʋa,a,F,1,3
ыъ,ʉ,ʉ,R,1,2
ҫйҫрӗ,ɕjɕrø,ø,R,1,5
ҫкe,ɕke,e,F,1,3
лвхпу,lʋxpu,u,F,1,5
ҫкйче,ɕkjtɕe,e,F,1,5
ҫклта,ɕklta,a,F,1,5
кхти,kxti,i,F,1,4
кью,kʲju,u,F,1,3
ҫлта,ɕlta,a,F,1,4
ҫлхи,ɕlxi,i,F,1,4
ҫмье,ɕmʲe,e,F,1,4
къшъкӗ,kʃkø,ø,R,1,6
вйҫҫӗ,ʋjɕɕø,ø,R,1,5
къшъкпе,kʃkpe,e,F,1,7
ҫнрни,ɕnrni,i,F,1,5
ҫнсе,ɕnse,e,F,1,4
кътъмърӗ,ktmrø,ø,R,1,8
ҫнӑ,ɕnɵ,ɵ,R,1,3
ҫйхю,ɕjxju,u,F,1,4
ҫйхтю,ɕjxtju,u,F,1,5
лвӑ,lʋɵ,ɵ,R,1,3
лке,lke,e,F,1,3
ьи,ьi,i,F,1,2
ьйтни,ьjtni,i,F,1,5
лкӑ,lkɵ,ɵ,R,1,3
ьсе,ьse,e,F,1,3
лкка,lkka,a,F,1,4
вкӑ,ʋkɵ,ɵ,R,1,3
ҫe,ɕe,e,F,1,2
вкҫӗ,ʋkɕø,ø,R,1,4
ҫйтӗ,ɕjtø,ø,R,1,4
ҫва,ɕʋa,a,F,1,3
ҫвнна,ɕʋnna,a,F,1,5
ҫврса,ɕʋrsa,a,F,1,5
ҫййи,ɕjji,i,F,1,4
ҫйнҫе,ɕjnɕe,e,F,1,5
ҫйпе,ɕjpe,e,F,1,4
ҫйтрӗ,ɕjtrø,ø,R,1,5
ҫпла,ɕpla,a,F,1,4
късле,ksle,e,F,1,5
вйра,ʋjra,a,F,1,4
къни,kni,i,F,1,4
ҫърти,ɕrti,i,F,1,5
кши,kʃi,i,F,1,3
ҫътръӗ,ɕtrø,ø,R,1,6
ҫътълсе,ɕtlse,e,F,1,7
ҫъҫъпе,ɕɕpe,e,F,1,6
кънъччъӗ,kntɕtɕø,ø,R,1,8
ҫьтнни,ɕʲtnni,i,F,1,6
ҫьшни,ɕʲʃni,i,F,1,5
ҫърне,ɕrne,e,F,1,5
кълле,klle,e,F,1,5
ҫҫти,ɕɕti,i,F,1,4
cы,sʉ,ʉ,R,1,2
cу,su,u,F,1,2
cy,sy,y,F,1,2
къвве,kʋʋe,e,F,1,5
cce,sse,e,F,1,3
кънӗ,knø,ø,R,1,4
ҫънълле,ɕnlle,e,F,1,7
къръпърӗ,krprø,ø,R,1,8
ҫсрпӳ,ɕsrpy,y,F,1,5
ҫрса,ɕrsa,a,F,1,4
ҫрше,ɕrʃe,e,F,1,4
ҫрӗ,ɕrø,ø,R,1,3
ҫса,ɕsa,a,F,1,3
вййлӑ,ʋjjlɵ,ɵ,R,1,5
ҫсмми,ɕsmmi,i,F,1,5
ҫсни,ɕsni,i,F,1,4
вййа,ʋjja,a,F,1,4
ҫънче,ɕntɕe,e,F,1,5
ҫти,ɕti,i,F,1,3
ҫтме,ɕtme,e,F,1,4
ҫтрӗ,ɕtrø,ø,R,1,4
ҫхи,ɕxi,i,F,1,3
къртсе,krtse,e,F,1,6
ҫхра,ɕxra,a,F,1,4
ҫъмърсе,ɕmrse,e,F,1,7
ктсе,ktse,e,F,1,4
влксма,ʋlksma,a,F,1,6
шви,ʃʋi,i,F,1,3
ъӗ,ø,ø,R,1,2
шнӑ,ʃnɵ,ɵ,R,1,3
внлчӗ,ʋnltɕø,ø,R,1,5
шпла,ʃpla,a,F,1,4
шра,ʃra,a,F,1,3
внлсе,ʋnlse,e,F,1,5
шрки,ʃrki,i,F,1,4
шрӑ,ʃrɵ,ɵ,R,1,3
лтра,ltra,a,F,1,4
лси,lsi,i,F,1,3
шска,ʃska,a,F,1,4
шскӑ,ʃskɵ,ɵ,R,1,4
шсӗ,ʃsø,ø,R,1,3
штса,ʃtsa,a,F,1,4
штчӗ,ʃttɕø,ø,R,1,4
шты,ʃtʉ,ʉ,R,1,3
штя,ʃtja,a,F,1,3
лпкӑ,lpkɵ,ɵ,R,1,4
лхърри,lxrri,i,F,1,6
лча,ltɕa,a,F,1,3
шмы,ʃmʉ,ʉ,R,1,3
шкма,ʃkma,a,F,1,4
лъхпе,lxpe,e,F,1,5
впся,ʋpsja,a,F,1,4
шйшка,ʃjʃka,a,F,1,5
лъпе,lpe,e,F,1,4
шква,ʃkʋa,a,F,1,4
лънтъмӗ,lntmø,ø,R,1,7
шклу,ʃklu,u,F,1,4
шкрӑ,ʃkrɵ,ɵ,R,1,4
шму,ʃmu,u,F,1,3
впе,ʋpe,e,F,1,3
лъннъӗ,lnnø,ø,R,1,6
лъмӗ,lmø,ø,R,1,4
лъмне,lmne,e,F,1,5
лъме,lme,e,F,1,4
лчъҫӗ,ltɕɕø,ø,R,1,5
лчи,ltɕi,i,F,1,3
шхӑ,ʃxɵ,ɵ,R,1,3
шчӗ,ʃtɕø,ø,R,1,3
шша,ʃʃa,a,F,1,3
влли,ʋlli,i,F,1,4
вма,ʋma,a,F,1,3
ънси,nsi,i,F,1,4
влӑ,ʋlɵ,ɵ,R,1,3
ънӗ,nø,ø,R,1,3
ъсме,sme,e,F,1,4
лмӗ,lmø,ø,R,1,3
ъу,u,u,F,1,2
ъҫке,ɕke,e,F,1,4
ъмъте,mte,e,F,1,5
лму,lmu,u,F,1,3
ъҫни,ɕni,i,F,1,4
ксю,ksju,u,F,1,3
ксӑ,ksɵ,ɵ,R,1,3
ъҫри,ɕri,i,F,1,4
ъҫче,ɕtɕe,e,F,1,4
ъҫънче,ɕntɕe,e,F,1,6
ъмътлъӗ,mtlø,ø,R,1,7
ъмърънче,mrntɕe,e,F,1,8
внлнӗ,ʋnlnø,ø,R,1,5
шя,ʃja,a,F,1,2
шшӑ,ʃʃɵ,ɵ,R,1,3
шътле,ʃtle,e,F,1,5
внлни,ʋnlni,i,F,1,5
шьвӗ,ʃʲʋø,ø,R,1,4
шьрпа,ʃʲrpa,a,F,1,5
хти,xti,i,F,1,3
шю,ʃju,u,F,1,2
вмҫме,ʋmɕme,e,F,1,5
ъмърти,mrti,i,F,1,6
ъкрӗ,krø,ø,R,1,4
ълке,lke,e,F,1,4
ксты,kstʉ,ʉ,R,1,4
ъмре,mre,e,F,1,4
лна,lna,a,F,1,3
ъмърне,mrne,e,F,1,6
ъмърпе,mrpe,e,F,1,6
хтпю,xtpju,u,F,1,4
ппспа,ppspa,a,F,1,5
хста,xsta,a,F,1,4
нси,nsi,i,F,1,3
ршъри,rʃri,i,F,1,5
йърки,jrki,i,F,1,5
ръҫӗ,rɕø,ø,R,1,4
ръӗ,rø,ø,R,1,3
нтвпа,ntʋpa,a,F,1,5
кнлте,knlte,e,F,1,5
нська,nsʲka,a,F,1,5
нски,nski,i,F,1,4
рҫса,rɕsa,a,F,1,4
нтрне,ntrne,e,F,1,5
йъпе,jpe,e,F,1,4
йънъӗ,jnø,ø,R,1,5
йъмӗ,jmø,ø,R,1,4
йъме,jme,e,F,1,4
кнлчӗ,knltɕø,ø,R,1,5
йъкътне,jktne,e,F,1,7
сву,sʋu,u,F,1,3
йшши,jʃʃi,i,F,1,4
нтври,ntʋri,i,F,1,5
рчпе,rtɕpe,e,F,1,4
сйвӗ,sjʋø,ø,R,1,4
ртсри,rtsri,i,F,1,5
йэ,je,e,F,1,2
йьшши,jʲʃʃi,i,F,1,5
нъӗ,nø,ø,R,1,3
кнвӗ,knʋø,ø,R,1,4
ртпе,rtpe,e,F,1,4
йьппши,jʲppʃi,i,F,1,6
ртрӗ,rtrø,ø,R,1,4
йътъмърӗ,jtmrø,ø,R,1,8
ртсӗ,rtsø,ø,R,1,4
рчнка,rtɕnka,a,F,1,5
ртънче,rtntɕe,e,F,1,6
ртӑ,rtɵ,ɵ,R,1,3
рха,rxa,a,F,1,3
рхе,rxe,e,F,1,3
йърри,jrri,i,F,1,5
рхту,rxtu,u,F,1,4
рче,rtɕe,e,F,1,3
нты,ntʉ,ʉ,R,1,3
йшлӑ,jʃlɵ,ɵ,R,1,4
сйксе,sjkse,e,F,1,5
хрӗ,xrø,ø,R,1,3
йртнӗ,jrtnø,ø,R,1,5
нпме,npme,e,F,1,4
нпкпа,npkpa,a,F,1,5
йру,jru,u,F,1,3
кнне,knne,e,F,1,4
снссе,snsse,e,F,1,5
кнра,knra,a,F,1,4
ннҫта,nnɕta,a,F,1,5
снӑ,snɵ,ɵ,R,1,3
йрра,jrra,a,F,1,4
нпппри,npppri,i,F,1,6
нны,nnʉ,ʉ,R,1,3
спкпа,spkpa,a,F,1,5
ннни,nnni,i,F,1,4
сплю,splju,u,F,1,4
сппа,sppa,a,F,1,4
спре,spre,e,F,1,4
спру,spru,u,F,1,4
ннмле,nnmle,e,F,1,5
смсра,smsra,a,F,1,5
нре,nre,e,F,1,3
сйре,sjre,e,F,1,4
сксӑ,sksɵ,ɵ,R,1,4
йче,jtɕe,e,F,1,3
кнлӗ,knlø,ø,R,1,4
йту,jtu,u,F,1,3
скла,skla,a,F,1,4
скле,skle,e,F,1,4
нрэ,nre,e,F,1,3
скры,skrʉ,ʉ,R,1,4
скря,skrja,a,F,1,4
сктса,sktsa,a,F,1,5
смса,smsa,a,F,1,4
йтра,jtra,a,F,1,4
йтли,jtli,i,F,1,4
нрчнӗ,nrtɕnø,ø,R,1,5
йсе,jse,e,F,1,3
слю,slju,u,F,1,3
нру,nru,u,F,1,3
нртни,nrtni,i,F,1,5
йрҫӗ,jrɕø,ø,R,1,4
рсы,rsʉ,ʉ,R,1,3
рсха,rsxa,a,F,1,4
рста,rsta,a,F,1,4
пъви,pʋi,i,F,1,4
пхкна,pxkna,a,F,1,5
пхкра,pxkra,a,F,1,5
пхэ,pxe,e,F,1,3
пми,pmi,i,F,1,3
пча,ptɕa,a,F,1,3
пче,ptɕe,e,F,1,3
пме,pme,e,F,1,3
пма,pma,a,F,1,3
плӗ,plø,ø,R,1,3
пмкпа,pmkpa,a,F,1,5
пълни,plni,i,F,1,5
пълтърхи,pltrxi,i,F,1,8
плю,plju,u,F,1,3
пълъвне,plʋne,e,F,1,7
пъннъӗ,pnnø,ø,R,1,6
плмре,plmre,e,F,1,5
плма,plma,a,F,1,4
кйрӗ,kjrø,ø,R,1,4
пхи,pxi,i,F,1,3
птркпа,ptrkpa,a,F,1,6
кмрлӗ,kmrlø,ø,R,1,5
пртрӗ,prtrø,ø,R,1,5
ппки,ppki,i,F,1,4
ккӑ,kkɵ,ɵ,R,1,3
ппи,ppi,i,F,1,3
прки,prki,i,F,1,4
пркка,prkka,a,F,1,5
ппе,ppe,e,F,1,3
прми,prmi,i,F,1,4
прне,prne,e,F,1,4
пнтӗ,pntø,ø,R,1,4
птне,ptne,e,F,1,4
кксне,kksne,e,F,1,5
псе,pse,e,F,1,3
ккра,kkra,a,F,1,4
псрре,psrre,e,F,1,5
псту,pstu,u,F,1,4
псэ,pse,e,F,1,3
пнре,pnre,e,F,1,4
пте,pte,e,F,1,3
пъртре,prtre,e,F,1,6
пъте,pte,e,F,1,4
пътръӗ,ptrø,ø,R,1,6
кммэ,kmme,e,F,1,4
рлӑ,rlɵ,ɵ,R,1,3
кма,kma,a,F,1,3
квнҫи,kʋnɕi,i,F,1,5
пвчвшкӑ,pʋtɕʋʃkɵ,ɵ,R,1,7
рми,rmi,i,F,1,3
пвллӑ,pʋllɵ,ɵ,R,1,5
пe,pe,e,F,1,2
рнъӗ,rnø,ø,R,1,4
кмне,kmne,e,F,1,4
пътсе,ptse,e,F,1,5
рпву,rpʋu,u,F,1,4
нҫӗ,nɕø,ø,R,1,3
рпппу,rpppu,u,F,1,5
кмпи,kmpi,i,F,1,4
рпэ,rpe,e,F,1,3
квйма,kʋjma,a,F,1,5
ньӑ,nʲɵ,ɵ,R,1,3
рсва,rsʋa,a,F,1,4
пйпе,pjpe,e,F,1,4
ркшра,rkʃra,a,F,1,5
ркки,rkki,i,F,1,4
ркке,rkke,e,F,1,4
пътъмъшле,ptmʃle,e,F,1,9
пътя,ptja,a,F,1,4
пъчъкки,ptɕkki,i,F,1,7
пкӑ,pkɵ,ɵ,R,1,3
пкчче,pktɕtɕe,e,F,1,5
пьрпа,pʲrpa,a,F,1,5
пью,pʲju,u,F,1,3
клю,klju,u,F,1,3
кйлте,kjlte,e,F,1,5
рcни,rsni,i,F,1,4
кйлни,kjlni,i,F,1,5
квӗ,kʋø,ø,R,1,3
квчча,kʋtɕtɕa,a,F,1,5
рймстта,rjmstta,a,F,1,7
квта,kʋta,a,F,1,4
квсса,kʋssa,a,F,1,5
пйхрӗ,pjxrø,ø,R,1,5
нлӑ,nlɵ,ɵ,R,1,3
нлче,nltɕe,e,F,1,4
нлсе,nlse,e,F,1,4
тъкпе,tkpe,e,F,1,5
тха,txa,a,F,1,3
тхнса,txnsa,a,F,1,5
тхнӑ,txnɵ,ɵ,R,1,4
тхрӗ,txrø,ø,R,1,4
мпсу,mpsu,u,F,1,4
мппу,mppu,u,F,1,4
тшва,tʃʋa,a,F,1,4
тшна,tʃna,a,F,1,4
мпи,mpi,i,F,1,3
кппри,kppri,i,F,1,5
тълчъӗ,tltɕø,ø,R,1,6
тълъкне,tlkne,e,F,1,7
тълънме,tlnme,e,F,1,7
тълънтъмӗ,tlntmø,ø,R,1,9
тълънче,tlntɕe,e,F,1,7
кпсспа,kpsspa,a,F,1,6
тъне,tne,e,F,1,4
тънне,tnne,e,F,1,5
ттӑ,ttɵ,ɵ,R,1,3
мпъпе,mppe,e,F,1,5
тпха,tpxa,a,F,1,4
трша,trʃa,a,F,1,4
вӳ,ʋy,y,F,1,2
трле,trle,e,F,1,4
трна,trna,a,F,1,4
трне,trne,e,F,1,4
трти,trti,i,F,1,4
мря,mrja,a,F,1,3
трхнче,trxntɕe,e,F,1,6
трхнчи,trxntɕi,i,F,1,6
тры,trʉ,ʉ,R,1,3
тсу,tsu,u,F,1,3
трэ,tre,e,F,1,3
трю,trju,u,F,1,3
тря,trja,a,F,1,3
трӑ,trɵ,ɵ,R,1,3
мрхи,mrxi,i,F,1,4
трӳ,try,y,F,1,3
вҫӑ,ʋɕɵ,ɵ,R,1,3
вҫи,ʋɕi,i,F,1,3
кпссра,kpssra,a,F,1,6
тънълне,tnlne,e,F,1,7
мнҫе,mnɕe,e,F,1,4
хмна,xmna,a,F,1,4
хййхи,xjjxi,i,F,1,5
хку,xku,u,F,1,3
хле,xle,e,F,1,3
ммпа,mmpa,a,F,1,4
хлха,xlxa,a,F,1,4
хми,xmi,i,F,1,3
хмйне,xmjne,e,F,1,5
хмла,xmla,a,F,1,4
върле,ʋrle,e,F,1,5
търке,trke,e,F,1,5
хнтту,xnttu,u,F,1,5
млнӗ,mlnø,ø,R,1,4
млли,mlli,i,F,1,4
хпму,xpmu,u,F,1,4
мкту,mktu,u,F,1,4
мксри,mksri,i,F,1,5
въна,ʋna,a,F,1,4
хрю,xrju,u,F,1,3
върсе,ʋrse,e,F,1,5
хву,xʋu,u,F,1,3
хвльхи,xʋlʲxi,i,F,1,6
хви,xʋi,i,F,1,3
търре,trre,e,F,1,5
ппми,ppmi,i,F,1,4
търӗ,trø,ø,R,1,4
тъссе,tsse,e,F,1,5
тъшмъртме,tʃmrtme,e,F,1,9
тъшмъртнъӗ,tʃmrtnø,ø,R,1,10
тьвтнӑ,tʲʋtnɵ,ɵ,R,1,6
мнття,mnttja,a,F,1,5
тьме,tʲme,e,F,1,4
мнре,mnre,e,F,1,4
тьттса,tʲttsa,a,F,1,6
тьӗ,tʲø,ø,R,1,3
въҫсе,ʋɕse,e,F,1,5
тҫхпри,tɕxpri,i,F,1,6
хa,xa,a,F,1,2
хy,xy,y,F,1,2
мму,mmu,u,F,1,3
тпэ,tpe,e,F,1,3
мсье,msʲe,e,F,1,4
нла,nla,a,F,1,3
сха,sxa,a,F,1,3
стру,stru,u,F,1,4
стсе,stse,e,F,1,4
йлӑ,jlɵ,ɵ,R,1,3
сты,stʉ,ʉ,R,1,3
стью,stʲju,u,F,1,4
стю,stju,u,F,1,3
кпла,kpla,a,F,1,4
стӑ,stɵ,ɵ,R,1,3
мҫи,mɕi,i,F,1,3
нe,ne,e,F,1,2
мья,mʲja,a,F,1,3
мье,mʲe,e,F,1,3
кплнӗ,kplnø,ø,R,1,5
съвърълсе,sʋrlse,e,F,1,9
съмри,smri,i,F,1,5
сънми,snmi,i,F,1,5
сънчъҫӗ,sntɕɕø,ø,R,1,7
кпмра,kpmra,a,F,1,5
стре,stre,e,F,1,4
йлӳ,jly,y,F,1,3
тпрпссе,tprpsse,e,F,1,7
ссрче,ssrtɕe,e,F,1,5
йпа,jpa,a,F,1,3
нкю,nkju,u,F,1,3
сске,sske,e,F,1,4
кшше,kʃʃe,e,F,1,4
ссрппе,ssrppe,e,F,1,6
ссрсра,ssrsra,a,F,1,6
ссрста,ssrsta,a,F,1,6
ссрти,ssrti,i,F,1,5
йны,jnʉ,ʉ,R,1,3
нйме,njme,e,F,1,4
йни,jni,i,F,1,3
нксе,nkse,e,F,1,4
нки,nki,i,F,1,3
йми,jmi,i,F,1,3
сссрӗ,sssrø,ø,R,1,5
ссӑ,ssɵ,ɵ,R,1,3
йме,jme,e,F,1,3
нйҫта,njɕta,a,F,1,5
сътне,stne,e,F,1,5
сътпе,stpe,e,F,1,5
мъшне,mʃne,e,F,1,5
тми,tmi,i,F,1,3
мхтра,mxtra,a,F,1,5
ткса,tksa,a,F,1,4
ткӗ,tkø,ø,R,1,3
тла,tla,a,F,1,3
тлли,tlli,i,F,1,4
тлне,tlne,e,F,1,4
мхтна,mxtna,a,F,1,5
мхи,mxi,i,F,1,3
тмтма,tmtma,a,F,1,5
сътърсе,strse,e,F,1,7
тмтрӗ,tmtrø,ø,R,1,5
тна,tna,a,F,1,3
тнвра,tnʋra,a,F,1,5
ййя,jjja,a,F,1,3
тнтри,tntri,i,F,1,5
тнҫе,tnɕe,e,F,1,4
мтппа,mtppa,a,F,1,5
мтмра,mtmra,a,F,1,5
ткпса,tkpsa,a,F,1,5
мххпе,mxxpe,e,F,1,5
тйчӗ,tjtɕø,ø,R,1,4
тйу,tju,u,F,1,3
сътъртъмърӗ,strtmrø,ø,R,1,11
съчъпе,stɕpe,e,F,1,6
сью,sʲju,u,F,1,3
кпна,kpna,a,F,1,4
мъне,mne,e,F,1,4
сҫе,sɕe,e,F,1,3
сҫтсе,sɕtse,e,F,1,5
йла,jla,a,F,1,3
мччӗ,mtɕtɕø,ø,R,1,4
тy,ty,y,F,1,2
кппи,kppi,i,F,1,4
твпа,tʋpa,a,F,1,4
твра,tʋra,a,F,1,4
тври,tʋri,i,F,1,4
твӑ,tʋɵ,ɵ,R,1,3
йкӑ,jkɵ,ɵ,R,1,3
тймкки,tjmkki,i,F,1,6
търтсе,trtse,e,F,1,6
