predictor,pct_stressed,pct_of_stressed_that_are_final,pct_of_final_that_are_stressed,phi_with_syl_final,independent_var_pct
A6,48.24,74.18,77,0.5363,23.15
A5,48.27,74.07,76.94,0.5345,23.23
A4,48.27,73.92,76.78,0.5316,23.38
B6,44.83,76.06,73.37,0.5347,23.11
B5,44.05,77.04,73.02,0.5438,22.65
B4,43.87,77.1,72.79,0.5429,22.7
SON_F,48.67,70.77,74.1,0.4742,26.26
SON_A,48.69,67.01,70.21,0.4011,29.91
SON_B,44.48,68.03,65.11,0.3868,30.43
final,46.48,100,100,1,0
initial,40.63,20.1,17.57,-0.4374,70.77
weight,49.95,67.84,72.92,0.4281,28.65
