rule_a,rule_b,pct_disagree
A6,A6,0
A6,A5,0.06
A6,A4,0.23
A6,B6,9.79
A6,B5,11.48
A6,B4,12.06
A6,SON,10.95
A5,A6,0.06
A5,A5,0
A5,A4,0.17
A5,B6,9.86
A5,B5,11.44
A5,B4,12.02
A5,SON,10.9
A4,A6,0.23
A4,A5,0.17
A4,A4,0
A4,B6,10.02
A4,B5,11.61
A4,B4,11.93
A4,SON,10.95
B6,A6,9.79
B6,A5,9.86
B6,A4,10.02
B6,B6,0
B6,B5,1.69
B6,B4,2.27
B6,SON,17.72
B5,A6,11.48
B5,A5,11.44
B5,A4,11.61
B5,B6,1.69
B5,B5,0
B5,B4,0.58
B5,SON,18.32
B4,A6,12.06
B4,A5,12.02
B4,A4,11.93
B4,B6,2.27
B4,B5,0.58
B4,B4,0
B4,SON,18.78
SON,A6,10.95
SON,A5,10.9
SON,A4,10.95
SON,B6,17.72
SON,B5,18.32
SON,B4,18.78
SON,SON,0
