vowel_label,non_palatal,n,F1z_mean,F2z_mean,F3z_mean,F1z_sd,F2z_sd,F3z_sd,F1_hz,F2_hz,F3_hz
a,FALSE,21944,0.916478328320552,-0.11473416637189433,-0.30178496451143616,0.705340922260048,0.5441161357337686,0.7212680696064269,695.2134965702094,1638.4438868455518,2631.184084856144
a,TRUE,78269,1.1166649049888357,-0.4402610818831902,-0.12940791054285414,0.7533745325372773,0.44243770679994493,0.8455558538054155,728.3733965245287,1465.223252581661,2687.5141560475013
e,FALSE,6855,-0.6715406705840276,1.0735763959476539,0.2953297052072094,0.26572204403734007,0.49198313574604136,0.543117978622152,440.5141823336787,2364.146595313704,3000.6530683175815
e,TRUE,40429,-0.5992538174597989,1.0759923097728605,0.5414788880875552,0.28762758091432933,0.5832935275125557,0.5992097181417059,452.7284902462837,2357.961019690042,3088.8686953179413
i,FALSE,5814,-1.196207043566655,1.1546070945184062,0.3795243752587358,0.3629803320912598,0.5902418125899894,0.5785678392686703,350.9884346414658,2391.9907158725796,3024.082487367865
i,TRUE,19359,-1.000989630318718,1.242577718995552,0.6130561588485905,0.38361909446806003,0.7630969071781095,0.7512035958083332,382.3255742584463,2392.182945292242,3081.0291794947357
u,FALSE,10983,-0.8658069642096093,-0.7903412727352287,-0.7878843393959096,0.34940191919714314,0.7355667201934779,1.2385352922212802,404.018373201148,1325.6563879531045,2502.2719810350263
u,TRUE,19812,-0.7115611493107786,-1.3621374380887894,-0.5214444090736292,0.39675213981575896,0.606249937227804,1.6344374847704226,425.3045939876717,966.7792493696185,2546.210726455672
y,FALSE,834,-1.1547046184516856,0.3289746298351879,-0.7956787185251004,0.33670136302577613,0.513985981435135,0.8721987292254749,357.7765677411653,1964.404517263066,2572.253186574696
y,TRUE,1465,-1.0620789652466065,0.5840045576873677,-0.24155387633200326,0.3746610627628965,0.5248050386062164,0.6657770353827539,371.26376759578415,2045.3766256522406,2743.9903808468084
ø,FALSE,9807,-0.5709990662300983,0.6289697619615606,0.1110885793479418,0.397125533121185,0.5777138488375587,0.5935156786735818,452.98773382875146,2091.2495597377188,2890.194480168085
ø,TRUE,23646,-0.4470862711454677,0.48515143618936984,0.10033413562116106,0.44111193163196954,0.6514911750977415,0.6928606818725765,474.41500500610823,2021.4312034074312,2883.584214288385
ɵ,FALSE,8173,-0.31093684191540494,-0.5962854464885688,-0.21651920508636555,0.46802101598799983,0.6977682264772429,1.01322353223937,495.1803984586563,1424.8125138618393,2727.375488268164
ɵ,TRUE,27191,-0.08917332761989723,-0.7997603789888359,-0.09998199143950218,0.5638728814828394,0.6069543397517246,1.293985591584476,530.1707783313291,1306.5766220449984,2750.414782390011
ʉ,FALSE,2794,-1.010508422214906,0.5301796180914907,-0.06739967681224637,0.3672345494709506,0.9717748854403688,0.9293646231659815,383.32495599544364,2085.7644424488835,2863.6829337507743
ʉ,TRUE,3306,-0.6840200186780796,-0.791538407941574,-0.007076330310410172,0.340094153611668,0.7090288991926057,1.0877766624050997,438.8332360231777,1378.556968673651,2870.6313088390643
