param,F1,F2,F3,error,file_name,id,group,label,max_formant,speaker_num,optimized,word,stress,dur,pre_word,fol_word,pre_seg,fol_seg,abs_pre_seg,abs_fol_seg,context
0,764.2438043626337,2106.190861719987,3158.158912392794,0.10133159593806632,utterance_000003,0-0-0-0,group_0,SIL,9282.051282051281,1,2,<eps>,"",0.79,#,бухгалтер,#,#,SIL,spn,coextensive
1,42.11628587294689,96.27199541796364,121.41248938921473,0.10133159593806632,utterance_000003,0-0-0-0,group_0,SIL,9282.051282051281,1,2,<eps>,"",0.79,#,бухгалтер,#,#,SIL,spn,coextensive
2,122.58182245546416,-164.79397698578046,-32.52874792646286,0.10133159593806632,utterance_000003,0-0-0-0,group_0,SIL,9282.051282051281,1,2,<eps>,"",0.79,#,бухгалтер,#,#,SIL,spn,coextensive
3,-83.34775524387085,164.8325236499918,28.107592342710348,0.10133159593806632,utterance_000003,0-0-0-0,group_0,SIL,9282.051282051281,1,2,<eps>,"",0.79,#,бухгалтер,#,#,SIL,spn,coextensive
4,-42.69995486499306,-69.1759197050548,-25.343037701554167,0.10133159593806632,utterance_000003,0-0-0-0,group_0,SIL,9282.051282051281,1,2,<eps>,"",0.79,#,бухгалтер,#,#,SIL,spn,coextensive
0,749.1768863548655,1953.0236421113004,3076.401794344333,0.00006580291068110711,utterance_000003,0-0-9-0,group_0,SIL,8205.128205128205,1,2,<eps>,"",0.05999999999999961,сисрӗ,#,#,#,EH,,coextensive
1,6.315462330421299,-65.17444590269825,-44.93364015825985,0.00006580291068110711,utterance_000003,0-0-9-0,group_0,SIL,8205.128205128205,1,2,<eps>,"",0.05999999999999961,сисрӗ,#,#,#,EH,,coextensive
2,22.362118702152973,44.76080353344002,14.699099987723312,0.00006580291068110711,utterance_000003,0-0-9-0,group_0,SIL,8205.128205128205,1,2,<eps>,"",0.05999999999999961,сисрӗ,#,#,#,EH,,coextensive
3,-6.79571439144854,42.70008095353121,21.710165192519558,0.00006580291068110711,utterance_000003,0-0-9-0,group_0,SIL,8205.128205128205,1,2,<eps>,"",0.05999999999999961,сисрӗ,#,#,#,EH,,coextensive
4,-0.2118849061746249,-10.947758636120112,24.136595373198254,0.00006580291068110711,utterance_000003,0-0-9-0,group_0,SIL,8205.128205128205,1,2,<eps>,"",0.05999999999999961,сисрӗ,#,#,#,EH,,coextensive
0,290.26260906803793,1359.2474473661234,2058.8201904321145,0.00014647367240346718,utterance_000003,0-0-2-1,group_0,EH,6230.7692307692305,1,2,мӗн,"",0.050000000000000044,бухгалтер,ҫинчен,M,N,M,N,internal
1,-38.22868014119531,-110.77802400348976,-62.260854851501485,0.00014647367240346718,utterance_000003,0-0-2-1,group_0,EH,6230.7692307692305,1,2,мӗн,"",0.050000000000000044,бухгалтер,ҫинчен,M,N,M,N,internal
2,-18.319816325495598,-15.859846088017358,-1.0590358104344657,0.00014647367240346718,utterance_000003,0-0-2-1,group_0,EH,6230.7692307692305,1,2,мӗн,"",0.050000000000000044,бухгалтер,ҫинчен,M,N,M,N,internal
3,-10.070410832658954,-12.08990465958784,-7.978476976818681,0.00014647367240346718,utterance_000003,0-0-2-1,group_0,EH,6230.7692307692305,1,2,мӗн,"",0.050000000000000044,бухгалтер,ҫинчен,M,N,M,N,internal
4,-4.499457014758175,-3.508124177954111,-4.156179052998282,0.00014647367240346718,utterance_000003,0-0-2-1,group_0,EH,6230.7692307692305,1,2,мӗн,"",0.050000000000000044,бухгалтер,ҫинчен,M,N,M,N,internal
0,561.27486246583,1395.0055556114692,2041.4683997603752,0.012020377125397053,utterance_000003,0-0-8-4,group_0,EH,6230.7692307692305,1,2,сисрӗ,"",0.52,хӑвӑрт,<eps>,R,#,R,SIL,final
1,-102.80907978706051,-32.63154472879079,-54.51458326100446,0.012020377125397053,utterance_000003,0-0-8-4,group_0,EH,6230.7692307692305,1,2,сисрӗ,"",0.52,хӑвӑрт,<eps>,R,#,R,SIL,final
2,12.113909949597659,29.133243552926277,10.800291941608977,0.012020377125397053,utterance_000003,0-0-8-4,group_0,EH,6230.7692307692305,1,2,сисрӗ,"",0.52,хӑвӑрт,<eps>,R,#,R,SIL,final
3,13.589405626706718,10.87919507924576,32.87170603187065,0.012020377125397053,utterance_000003,0-0-8-4,group_0,EH,6230.7692307692305,1,2,сисрӗ,"",0.52,хӑвӑрт,<eps>,R,#,R,SIL,final
4,-20.946436019288775,-0.9482269138152944,-21.251033249662196,0.012020377125397053,utterance_000003,0-0-8-4,group_0,EH,6230.7692307692305,1,2,сисрӗ,"",0.52,хӑвӑрт,<eps>,R,#,R,SIL,final
0,231.79516009255985,1838.8722821250528,2283.5446232260842,0.00007940388445150536,utterance_000003,0-0-3-1,group_0,IY,6230.7692307692305,1,2,ҫинчен,"",0.08000000000000007,мӗн,пӗлме,ɕ,N,ɕ,N,internal
1,-11.28899306640594,-39.8593411192667,-67.7396729523322,0.00007940388445150536,utterance_000003,0-0-3-1,group_0,IY,6230.7692307692305,1,2,ҫинчен,"",0.08000000000000007,мӗн,пӗлме,ɕ,N,ɕ,N,internal
2,-0.8118819136981877,10.101975469566819,34.71928970938291,0.00007940388445150536,utterance_000003,0-0-3-1,group_0,IY,6230.7692307692305,1,2,ҫинчен,"",0.08000000000000007,мӗн,пӗлме,ɕ,N,ɕ,N,internal
3,-1.2923042931968132,-1.0834490530537841,-15.930392383408954,0.00007940388445150536,utterance_000003,0-0-3-1,group_0,IY,6230.7692307692305,1,2,ҫинчен,"",0.08000000000000007,мӗн,пӗлме,ɕ,N,ɕ,N,internal
4,-1.4555285663250128,-0.2527414220004407,-1.7552755307149155,0.00007940388445150536,utterance_000003,0-0-3-1,group_0,IY,6230.7692307692305,1,2,ҫинчен,"",0.08000000000000007,мӗн,пӗлме,ɕ,N,ɕ,N,internal
0,360.69796738636285,1747.9132095743726,2275.35286893104,0.00032871223245465524,utterance_000003,0-0-5-6,group_0,IY,6589.74358974359,1,2,шутланине,"",0.06999999999999984,пӗлме,санюк,N,N,N,N,internal
1,-2.856628048318672,-136.93233335646244,-67.2482543170473,0.00032871223245465524,utterance_000003,0-0-5-6,group_0,IY,6589.74358974359,1,2,шутланине,"",0.06999999999999984,пӗлме,санюк,N,N,N,N,internal
2,-24.604805464300576,-27.286805384649682,0.7404706898366633,0.00032871223245465524,utterance_000003,0-0-5-6,group_0,IY,6589.74358974359,1,2,шутланине,"",0.06999999999999984,пӗлме,санюк,N,N,N,N,internal
3,-11.78657593743681,-12.494543548269336,-18.329804108823673,0.00032871223245465524,utterance_000003,0-0-5-6,group_0,IY,6589.74358974359,1,2,шутланине,"",0.06999999999999984,пӗлме,санюк,N,N,N,N,internal
4,-8.007916911074048,-10.122081888982255,-7.948591756337459,0.00032871223245465524,utterance_000003,0-0-5-6,group_0,IY,6589.74358974359,1,2,шутланине,"",0.06999999999999984,пӗлме,санюк,N,N,N,N,internal
0,282.1989152072888,1612.1859388763005,2231.3768805457853,0.00048043727326226894,utterance_000003,0-0-8-1,group_0,IY,6230.7692307692305,1,2,сисрӗ,"",0.08000000000000007,хӑвӑрт,<eps>,s,s,s,s,internal
1,-17.403800156718287,-21.62786591106935,-14.097257060411023,0.00048043727326226894,utterance_000003,0-0-8-1,group_0,IY,6230.7692307692305,1,2,сисрӗ,"",0.08000000000000007,хӑвӑрт,<eps>,s,s,s,s,internal
2,-7.7133806341101705,15.041032589945603,-2.1035536122840397,0.00048043727326226894,utterance_000003,0-0-8-1,group_0,IY,6230.7692307692305,1,2,сисрӗ,"",0.08000000000000007,хӑвӑрт,<eps>,s,s,s,s,internal
3,8.375204514813412,-6.087999637743114,11.118626680868074,0.00048043727326226894,utterance_000003,0-0-8-1,group_0,IY,6230.7692307692305,1,2,сисрӗ,"",0.08000000000000007,хӑвӑрт,<eps>,s,s,s,s,internal
4,-4.542541768693461,-7.867603301926765,-7.040062635166698,0.00048043727326226894,utterance_000003,0-0-8-1,group_0,IY,6230.7692307692305,1,2,сисрӗ,"",0.08000000000000007,хӑвӑрт,<eps>,s,s,s,s,internal
0,361.3440456226703,1663.8891716333874,2220.0347303931044,4.588530772094602e-6,utterance_000003,0-0-3-4,group_0,EY,7128.205128205128,1,2,ҫинчен,"",0.06000000000000005,мӗн,пӗлме,tʃ,N,tʃ,N,internal
1,-23.31861604479027,43.132678812241025,1.8682900812053986,4.588530772094602e-6,utterance_000003,0-0-3-4,group_0,EY,7128.205128205128,1,2,ҫинчен,"",0.06000000000000005,мӗн,пӗлме,tʃ,N,tʃ,N,internal
2,-4.8983313758396445,-10.099753587463026,2.8632523207747798,4.588530772094602e-6,utterance_000003,0-0-3-4,group_0,EY,7128.205128205128,1,2,ҫинчен,"",0.06000000000000005,мӗн,пӗлме,tʃ,N,tʃ,N,internal
3,-1.6760645563604692,7.68630550407658,-2.973212740528511,4.588530772094602e-6,utterance_000003,0-0-3-4,group_0,EY,7128.205128205128,1,2,ҫинчен,"",0.06000000000000005,мӗн,пӗлме,tʃ,N,tʃ,N,internal
4,-0.24919157024552857,3.147592380128326,2.063690234540591,4.588530772094602e-6,utterance_000003,0-0-3-4,group_0,EY,7128.205128205128,1,2,ҫинчен,"",0.06000000000000005,мӗн,пӗлме,tʃ,N,tʃ,N,internal
0,383.42993847051264,1593.7710532649926,2108.086318170919,0.000028929576578025674,utterance_000003,0-0-4-4,group_0,EY,6589.74358974359,1,2,пӗлме,"",0.07000000000000006,ҫинчен,шутланине,M,#,M,SH,final
1,-11.739443325557103,35.2679166752494,8.030733195299286,0.000028929576578025674,utterance_000003,0-0-4-4,group_0,EY,6589.74358974359,1,2,пӗлме,"",0.07000000000000006,ҫинчен,шутланине,M,#,M,SH,final
2,3.4107250610675557,-12.766072229508968,-21.115413530482687,0.000028929576578025674,utterance_000003,0-0-4-4,group_0,EY,6589.74358974359,1,2,пӗлме,"",0.07000000000000006,ҫинчен,шутланине,M,#,M,SH,final
3,-3.850298778999186,-10.127138814654696,-11.460132008211211,0.000028929576578025674,utterance_000003,0-0-4-4,group_0,EY,6589.74358974359,1,2,пӗлме,"",0.07000000000000006,ҫинчен,шутланине,M,#,M,SH,final
4,0.10465398620489808,-0.3049668122169618,0.9058684729277612,0.000028929576578025674,utterance_000003,0-0-4-4,group_0,EY,6589.74358974359,1,2,пӗлме,"",0.07000000000000006,ҫинчен,шутланине,M,#,M,SH,final
0,367.9158384964542,1734.954586845265,2313.277492003502,0.00006617641083748508,utterance_000003,0-0-5-8,group_0,EY,6589.74358974359,1,2,шутланине,"",0.10000000000000009,пӗлме,санюк,N,#,N,s,final
1,-32.73504505107753,201.09118091097776,80.92994086338246,0.00006617641083748508,utterance_000003,0-0-5-8,group_0,EY,6589.74358974359,1,2,шутланине,"",0.10000000000000009,пӗлме,санюк,N,#,N,s,final
2,-0.08380816968920984,-14.69491075202684,34.285057110623015,0.00006617641083748508,utterance_000003,0-0-5-8,group_0,EY,6589.74358974359,1,2,шутланине,"",0.10000000000000009,пӗлме,санюк,N,#,N,s,final
3,-13.85303031759907,8.259359790939085,20.420493502327446,0.00006617641083748508,utterance_000003,0-0-5-8,group_0,EY,6589.74358974359,1,2,шутланине,"",0.10000000000000009,пӗлме,санюк,N,#,N,s,final
4,0.010107979767364621,0.9902565329931964,4.92680933287208,0.00006617641083748508,utterance_000003,0-0-5-8,group_0,EY,6589.74358974359,1,2,шутланине,"",0.10000000000000009,пӗлме,санюк,N,#,N,s,final
0,244.67694446068262,488.6660473481678,889.9600367037399,0.00014705716656938488,utterance_000003,0-0-5-1,group_0,UW,3000.0,1,2,шутланине,"",0.050000000000000044,пӗлме,санюк,SH,t,SH,t,internal
1,-16.883011085674617,49.22127179932553,16.656473730617368,0.00014705716656938488,utterance_000003,0-0-5-1,group_0,UW,3000.0,1,2,шутланине,"",0.050000000000000044,пӗлме,санюк,SH,t,SH,t,internal
2,7.288460133822872,-12.033729822840712,34.29775662225071,0.00014705716656938488,utterance_000003,0-0-5-1,group_0,UW,3000.0,1,2,шутланине,"",0.050000000000000044,пӗлме,санюк,SH,t,SH,t,internal
3,0.3448800475147412,10.983799217815818,31.92162450266539,0.00014705716656938488,utterance_000003,0-0-5-1,group_0,UW,3000.0,1,2,шутланине,"",0.050000000000000044,пӗлме,санюк,SH,t,SH,t,internal
4,-1.47600429058084,1.5741574321798033,3.636601838390369,0.00014705716656938488,utterance_000003,0-0-5-1,group_0,UW,3000.0,1,2,шутланине,"",0.050000000000000044,пӗлме,санюк,SH,t,SH,t,internal
0,582.3731026436778,2150.91119952001,3235.3021914498536,0.002002876229462093,utterance_000003,0-0-6-4,group_0,UW,10000.0,1,2,санюк,"",0.0900000000000003,шутланине,хӑвӑрт,Y,K,Y,K,internal
1,-62.60775494597512,-12.185255202418496,-25.387812404250276,0.002002876229462093,utterance_000003,0-0-6-4,group_0,UW,10000.0,1,2,санюк,"",0.0900000000000003,шутланине,хӑвӑрт,Y,K,Y,K,internal
2,-27.150480895772965,-41.67186844784774,-102.77100204710598,0.002002876229462093,utterance_000003,0-0-6-4,group_0,UW,10000.0,1,2,санюк,"",0.0900000000000003,шутланине,хӑвӑрт,Y,K,Y,K,internal
3,-30.732355786203364,-2.272887450678322,-49.33527944917555,0.002002876229462093,utterance_000003,0-0-6-4,group_0,UW,10000.0,1,2,санюк,"",0.0900000000000003,шутланине,хӑвӑрт,Y,K,Y,K,internal
4,-33.936701188855025,-14.25517500202089,-37.14020402905561,0.002002876229462093,utterance_000003,0-0-6-4,group_0,UW,10000.0,1,2,санюк,"",0.0900000000000003,шутланине,хӑвӑрт,Y,K,Y,K,internal
0,545.3587107757069,1132.3048133345521,2215.3017632987603,0.00010298729808774959,utterance_000003,0-0-5-4,group_0,AA,6230.7692307692305,1,2,шутланине,"",0.06999999999999984,пӗлме,санюк,l,N,l,N,internal
1,4.983052649288835,-27.90811377127852,-35.64866296994948,0.00010298729808774959,utterance_000003,0-0-5-4,group_0,AA,6230.7692307692305,1,2,шутланине,"",0.06999999999999984,пӗлме,санюк,l,N,l,N,internal
2,-1.2119628753100111,-6.40453591123406,24.186894622774922,0.00010298729808774959,utterance_000003,0-0-5-4,group_0,AA,6230.7692307692305,1,2,шутланине,"",0.06999999999999984,пӗлме,санюк,l,N,l,N,internal
3,-0.477462930791637,-4.22807285311132,-4.788612498369865,0.00010298729808774959,utterance_000003,0-0-5-4,group_0,AA,6230.7692307692305,1,2,шутланине,"",0.06999999999999984,пӗлме,санюк,l,N,l,N,internal
4,-8.52037991458655,-1.0678364481725435,-7.204789244398652,0.00010298729808774959,utterance_000003,0-0-5-4,group_0,AA,6230.7692307692305,1,2,шутланине,"",0.06999999999999984,пӗлме,санюк,l,N,l,N,internal
0,626.7900594261035,1245.0071973523395,2212.091212498267,0.0000360607512201431,utterance_000003,0-0-6-1,group_0,AA,6589.74358974359,1,2,санюк,"",0.08000000000000007,шутланине,хӑвӑрт,s,N,s,N,internal
1,8.205249652772661,-24.87493107938772,-27.648803720534243,0.0000360607512201431,utterance_000003,0-0-6-1,group_0,AA,6589.74358974359,1,2,санюк,"",0.08000000000000007,шутланине,хӑвӑрт,s,N,s,N,internal
2,-11.811680650540813,9.420415413333291,2.5386597207112875,0.0000360607512201431,utterance_000003,0-0-6-1,group_0,AA,6589.74358974359,1,2,санюк,"",0.08000000000000007,шутланине,хӑвӑрт,s,N,s,N,internal
3,6.3645750436781965,-1.6061175418500326,3.0089872168504543,0.0000360607512201431,utterance_000003,0-0-6-1,group_0,AA,6589.74358974359,1,2,санюк,"",0.08000000000000007,шутланине,хӑвӑрт,s,N,s,N,internal
4,3.4698829407214244,2.255133240871163,-7.7471591723126245,0.0000360607512201431,utterance_000003,0-0-6-1,group_0,AA,6589.74358974359,1,2,санюк,"",0.08000000000000007,шутланине,хӑвӑрт,s,N,s,N,internal
0,390.5104042749011,752.1524504833172,2153.846212469687,2.057796418716939e-6,utterance_000003,0-0-7-1,group_0,AH,4974.358974358975,1,2,хӑвӑрт,"",0.06000000000000005,санюк,сисрӗ,χ,V,χ,V,internal
1,6.388772906380839,1.1679071637218985,20.065268060783044,2.057796418716939e-6,utterance_000003,0-0-7-1,group_0,AH,4974.358974358975,1,2,хӑвӑрт,"",0.06000000000000005,санюк,сисрӗ,χ,V,χ,V,internal
2,3.3714692279587872,-2.4103635620034907,9.333240642704355,2.057796418716939e-6,utterance_000003,0-0-7-1,group_0,AH,4974.358974358975,1,2,хӑвӑрт,"",0.06000000000000005,санюк,сисрӗ,χ,V,χ,V,internal
3,3.7649037339724822,-2.01700838803588,5.336897480244104,2.057796418716939e-6,utterance_000003,0-0-7-1,group_0,AH,4974.358974358975,1,2,хӑвӑрт,"",0.06000000000000005,санюк,сисрӗ,χ,V,χ,V,internal
4,-0.06976198130888639,0.14460613603819797,5.603866353122457,2.057796418716939e-6,utterance_000003,0-0-7-1,group_0,AH,4974.358974358975,1,2,хӑвӑрт,"",0.06000000000000005,санюк,сисрӗ,χ,V,χ,V,internal
0,379.2668745931947,646.1864532911461,920.5176477812712,0.000013721199528946892,utterance_000003,0-0-7-3,group_0,AH,3538.4615384615386,1,2,хӑвӑрт,"",0.050000000000000266,санюк,сисрӗ,V,R,V,R,internal
1,-8.45378256126132,15.084774332055524,-32.11730834846173,0.000013721199528946892,utterance_000003,0-0-7-3,group_0,AH,3538.4615384615386,1,2,хӑвӑрт,"",0.050000000000000266,санюк,сисрӗ,V,R,V,R,internal
2,-5.664931907743481,-2.590746428687399,1.325189102279258,0.000013721199528946892,utterance_000003,0-0-7-3,group_0,AH,3538.4615384615386,1,2,хӑвӑрт,"",0.050000000000000266,санюк,сисрӗ,V,R,V,R,internal
3,-2.4110215162387476,-1.9835529498758266,-1.8354703941708637,0.000013721199528946892,utterance_000003,0-0-7-3,group_0,AH,3538.4615384615386,1,2,хӑвӑрт,"",0.050000000000000266,санюк,сисрӗ,V,R,V,R,internal
4,-1.359245417917909,-0.9699859311969153,0.09645044162592,0.000013721199528946892,utterance_000003,0-0-7-3,group_0,AH,3538.4615384615386,1,2,хӑвӑрт,"",0.050000000000000266,санюк,сисрӗ,V,R,V,R,internal
