spk,n,n_files,n_A6_only,dAIC_A6_minus_B5_combined,rule_verdict,share_B5_beats_A6,rule_verdict_robust,duration_estimate,f0_estimate,intensity_estimate,duration_hi,f0_hi,intensity_hi,duration_lo,f0_lo,intensity_lo,duration_sig,intensity_sig,f0_sig,cue_profile,kate_three_cue,f0_med_spk,corpus,bs_mean,bs_share_above,rate_med,final_f0_med,f0sd_med,gender_metadata,age_metadata,f0_median_Hz,VTL_cm,dF_bal,gender,age_decade
chv_voice_1,4150,450,99,11.58206096475078,B5,0.965,B5 (robust),0.098516322656772,0.0566772959772027,0.6821561107004344,0.1322282595768041,0.3036484588418426,1.118629536865107,0.06480438573674,-0.190293866887437,0.2456826845357617,1,1,0,length + intensity,0,201.57445434311427,chuvash_voice,-0.2992783549847067,0.19955654101995565,3.4565314290703393,-4.133072991638986,2.7647248960636004,male_masculine,,201.12326298756415,16.434569279475163,1064.8286366625643,male,
chv_voice_10,314,35,7,-0.2647652745856703,tie,,not assessable (<30 default tokens),0.0176833051581543,-0.0158246945405142,0.6225588175518385,0.1014925891505419,0.5312003390394265,1.3779211513956555,-0.0661259788342331,-0.5628497281204551,-0.1328035162919788,0,0,0,none,0,224.40516943168078,chuvash_voice,-0.2627602179759471,0.1111111111111111,3.0006751519091797,-2.8015027360734033,2.0413286490954317,,,228.94238741085564,15.079695369008975,1160.500896852672,unknown,
chv_voice_2,3954,377,132,-10.56956850314964,A6,0.2,uncertain,0.1380938488991655,0.1195818428015937,-0.0055052505512385,0.1686150852063589,0.3211883044950288,0.2789807533283907,0.107572612591972,-0.0820246188918413,-0.2899912544308678,1,0,0,length,0,250.16743886279158,chuvash_voice,-0.3098786080727863,0.16842105263157894,3.733108108108108,-4.192574569574608,2.7376556927371634,male_masculine,,252.74685745758015,15.1579069056151,1154.5129620447328,male,
chv_voice_3,1505,161,44,-2.478673583943418,A6,0.28,uncertain,0.0848679741025363,0.3545900695037176,0.6747801531099026,0.1275374328289406,0.622626853026331,1.0584268260744123,0.0421985153761321,0.0865532859811041,0.2911334801453928,1,1,1,length + intensity + f0,1,171.512463806817,chuvash_voice,-0.17015781891733459,0.24691358024691357,2.9605263157894735,-3.026349453982135,2.209379112943152,,,172.01505361479605,15.64404339375962,1118.636631178147,unknown,
chv_voice_4,4866,627,122,-6.516926822027017,A6,0.165,uncertain,0.0712096139850669,0.4097690195205865,0.8630865104213752,0.1024831413555703,0.5628273864020709,1.0809194769408157,0.0399360866145635,0.2567106526391022,0.6452535439019349,1,1,1,length + intensity + f0,1,150.1616074684771,chuvash_voice,-0.15482798704871514,0.2347417840375587,2.577319587628866,-2.615368351277942,2.1332657586229966,male_masculine,,146.37813824065427,17.56240765099702,996.4465207597276,male,
chv_voice_5,674,64,18,-10.101905850734056,A6,,not assessable (<30 default tokens),0.0884524068914892,0.8576294709293082,1.1229884539593973,0.1631016438997195,1.2200055777006136,1.766506802778218,0.0138031698832588,0.4952533641580029,0.4794701051405765,1,1,1,length + intensity + f0,1,127.37471650518908,chuvash_voice,-0.13835571761932172,0.34375,2.8396990740740744,-3.224200409702899,1.9069349823191053,,,128.58456170372355,16.720681882296947,1046.60803448023,unknown,
chv_voice_main,386412,27713,11227,313.0295629815664,B5,1.0,B5 (robust),0.1184778373376811,0.0634893959476349,0.6313300235839517,0.1378795626656187,0.1328556657016045,0.8624837098868328,0.0990761120097435,-0.0058768738063347,0.4001763372810706,1,1,0,length + intensity,0,224.45614192722167,chuvash_voice,0.0021317190654905607,0.4685382730286867,3.9861351819757362,-5.010429466597758,2.1242053578951303,male_masculine,,226.5037184101461,14.335531605204691,1220.743009882271,"female (Kate, by ear)",
cv_100,2079,226,47,4.123643286042352,B5,0.76,uncertain,0.1174663927647885,-0.4175859170880501,-0.1440244719792114,0.163201478934521,-0.1120694025370103,0.1730826696480094,0.071731306595056,-0.7231024316390899,-0.4611316136064323,1,0,-1,length (−f0),0,129.25659596177354,common_voice_chuvash,-0.005966942296116362,0.3805309734513274,3.5947712418300646,-2.8944208262163813,2.8779002133358524,,,131.09771575094578,15.15184400443986,1154.9749320856308,unknown,
cv_101,1615,313,14,-5.031374203207633,A6,,not assessable (<30 default tokens),0.19609334587766,0.1672043620298982,1.8202386588721908,0.2615030172723576,0.5248063285160568,2.4507109005955767,0.1306836744829625,-0.1903976044562602,1.189766417148805,1,1,0,length + intensity,0,240.0673610748387,common_voice_chuvash,-0.22293442997498344,0.1165644171779141,2.6905829596412563,-3.096338952885911,2.039298611953506,female_feminine,teens,242.04646286471348,16.852327963298002,1038.4321998784108,female,1.0
cv_102,5463,626,127,5.771076336515762,B5,0.69,uncertain,0.1182129577094406,-0.5570371307263698,0.4237812982632621,0.1507194434247901,-0.385934948884424,0.6969757624167527,0.0857064719940911,-0.7281393125683157,0.1505868341097715,1,1,-1,length + intensity (−f0),0,208.04160563473127,common_voice_chuvash,-0.36184085625536666,0.12300319488817892,3.3379758588672237,-5.226465604426233,3.1899231007828845,,,213.81675087722812,14.571326362714316,1200.988816280973,unknown,
cv_103,3195,761,12,0.0085926466763339,tie,,not assessable (<30 default tokens),0.062449616336962,0.2410055451518523,1.0779035455176051,0.1232138362826246,0.4087046578388902,1.6882413535165366,0.0016853963912994,0.0733064324648143,0.4675657375186738,1,1,1,length + intensity + f0,1,120.35354581039724,common_voice_chuvash,0.38082225755114163,0.2534332084893883,2.376916868442292,-1.4300225360157968,1.100575485543036,male_masculine,teens,123.0071236780164,17.52588441659397,998.5230750141508,male,1.0
cv_104,8498,996,174,-89.25251586223385,A6,0.0,A6 (robust),0.1992797295042337,0.5541484615632479,2.192804123764735,0.2284342122604009,0.6928779368553128,2.4958392764231268,0.1701252467480666,0.415418986271183,1.8897689711063437,1,1,1,length + intensity + f0,1,130.5121814244884,common_voice_chuvash,0.09803316372388525,0.44708209693372897,3.2085561497326203,-3.2118436867240483,2.153607265960728,male_masculine,twenties,131.31290055016382,17.595506038514902,994.5721345947172,male,2.0
cv_105,5046,1010,37,-8.550214606362715,A6,0.05,A6 (robust),0.0158253429492825,0.2873454748711972,0.924993907271094,0.0616564378441434,0.4660901375988345,1.5545152361455514,-0.0300057519455782,0.1086008121435599,0.2954725783966362,0,1,1,intensity + f0,0,253.65844039681727,common_voice_chuvash,0.16594334489774173,0.22149532710280373,2.6178010471204187,-2.3137989453770738,1.6375929828360922,female_feminine,twenties,259.0217021018615,22.439085318896545,779.8891867157699,female,2.0
cv_106,8626,1121,169,-24.475589903711807,A6,0.005,A6 (robust),0.0345773072980989,0.2669260292122959,1.359446767516768,0.0632801624502685,0.4264419532831053,1.6423640358347198,0.0058744521459294,0.1074101051414864,1.0765294991988164,1,1,1,length + intensity + f0,1,183.59589631785255,common_voice_chuvash,0.13896206667314134,0.4216549295774648,3.3412887828162297,-4.585142813012493,2.462924774888113,male_masculine,fourties,185.06987543351497,17.128644892473755,1021.680355326265,male,4.0
cv_107,13626,1981,246,-83.31844091932362,A6,0.0,A6 (robust),0.1073702898916802,0.228798130474166,1.5564452077688138,0.1384954699631234,0.3308266959602794,1.7856377193376043,0.076245109820237,0.1267695649880527,1.327252696200023,1,1,1,length + intensity + f0,1,154.1516125476368,common_voice_chuvash,0.1206552872868054,0.3713450292397661,3.065134099616858,-3.2625263486951153,1.8279328653398357,male_masculine,teens,155.05500568994324,16.07082125720654,1088.9300378568134,male,1.0
cv_108,23352,3099,454,-31.838157418649644,A6,0.07,uncertain,0.1388893977413217,-0.0835008068059724,0.8482877850341606,0.1615845035777724,-0.00971173035686,1.0703475484597966,0.1161942919048711,-0.1572898832550848,0.6262280216085245,1,1,-1,length + intensity (−f0),0,218.20493954775694,common_voice_chuvash,-0.052047140174483156,0.2689893283113622,3.144654088050314,-1.7476118425646376,1.854460963929147,female_feminine,twenties,223.3139891191659,17.054745979801538,1026.1073381407025,female,2.0
cv_109,24234,3666,467,-375.1176108445943,A6,0.0,A6 (robust),0.1619150315089167,0.4717519275853078,2.3149328842503047,0.182164445871048,0.5710770970846493,2.5663202523466553,0.1416656171467855,0.3724267580859664,2.063545516153954,1,1,1,length + intensity + f0,1,117.59391007398757,common_voice_chuvash,0.15379032893699163,0.3633728590250329,2.719665271966527,-1.563337788637519,1.665089305854477,male_masculine,twenties,117.63562897725,18.509817327040363,945.4442305292146,male,2.0
cv_72,217,23,5,-2.094044684646746,A6,,not assessable (<30 default tokens),0.0731958681075798,0.4111763821724243,1.5804169665979295,0.192631221471312,0.9666355128262424,2.5646580678334163,-0.0462394852561523,-0.1442827484813935,0.5961758653624432,0,1,0,intensity,0,129.83368500382227,common_voice_chuvash,0.2523728233774008,0.7391304347826086,3.0198765888474988,-2.8026483679537897,1.8535780779962412,male_masculine,thirties,129.42995708550424,16.927806226862902,1033.802003961333,male,3.0
cv_76,287,29,4,0.0050455341622637,tie,,not assessable (<30 default tokens),0.0713598082872789,-0.0659517216646606,0.0084578345327439,0.1765002421255519,0.4313416508568423,0.6408376599323493,-0.0337806255509941,-0.5632450941861634,-0.6239219908668614,0,0,0,none,0,230.75087680167735,common_voice_chuvash,-0.0338784522448245,0.3103448275862069,3.67003367003367,-2.9486752226542774,1.8934451043432983,,,236.4378251458611,16.75655772278055,1044.367243530498,unknown,
cv_77,282,29,5,1.713495880030564,tie,,not assessable (<30 default tokens),0.0671141562078774,0.0613829395658921,0.8887813443707986,0.1828995338495309,0.8675720604694167,2.1235745150840564,-0.048671221433776,-0.7448061813376324,-0.3460118263424592,0,0,0,none,0,242.29342952260575,common_voice_chuvash,-0.18948184989825487,0.20689655172413793,2.9963987963099994,-5.242723177639725,3.2831386762199832,,,250.31151444971067,15.310088061572038,1143.0371876125644,unknown,
cv_78,297,32,6,4.8866400465738025,B5,,not assessable (<30 default tokens),0.2151901188762101,0.2442113447163061,1.0279097497443728,0.3216528639802153,1.0936425863020365,1.717883022428937,0.108727373772205,-0.6052198968694242,0.3379364770598085,1,1,0,length + intensity,0,174.85277490106245,common_voice_chuvash,-0.43344595772806094,0.0625,3.518387553041018,-3.4862919035175306,3.230450823361411,male_masculine,twenties,177.23637235633058,15.245618319607566,1147.8707936360345,male,2.0
cv_79,242,33,7,2.534154747138132,B5,,not assessable (<30 default tokens),0.1657104410239846,0.3175798133977081,-0.1234010660816097,0.2769036103778476,0.7312130124238476,0.7290559449405327,0.0545172716701215,-0.0960533856284314,-0.9758580771037522,1,0,0,length,0,107.48732222488437,common_voice_chuvash,0.8087769908142726,0.8484848484848485,2.9232599764064595,-0.9535549262259425,1.2772748177950861,,,108.66805731887553,17.01042817279845,1028.780688071358,unknown,
cv_81,210,31,6,4.716839852725968,B5,,not assessable (<30 default tokens),0.1472296018122632,0.995530049210467,-0.5729492158569656,0.2946068130702428,1.6644359933407542,0.6275992755118287,-0.0001476094457164,0.3266241050801796,-1.7734977072257598,0,0,1,f0,0,115.65372577536034,common_voice_chuvash,0.14104033942972635,0.36363636363636365,3.0677444550048465,-1.3178982177896617,1.4082369891295496,,,116.88952956551056,18.151013596533392,964.1334852695098,unknown,
cv_82,407,36,15,-6.064547781032388,A6,,not assessable (<30 default tokens),0.2291510681592605,-0.7444326383632307,0.8077950789135129,0.3219223558203969,-0.210753287163446,1.442565336863978,0.1363797804981241,-1.2781119895630155,0.1730248209630475,1,1,-1,length + intensity (−f0),0,238.21397095586605,common_voice_chuvash,-0.19067639126290153,0.2777777777777778,3.183520599250937,-4.235998612256927,2.549722279995545,,,242.71904099204409,14.208128642831449,1231.689298423507,unknown,
cv_83,289,38,3,1.8863543146622987,tie,,not assessable (<30 default tokens),0.1311841979400124,0.3920413546535182,-1.0189330392563318,0.2329456724721721,0.9310721911829338,-0.0457376987551536,0.0294227234078527,-0.1469894818758972,-1.99212837975751,1,-1,0,length (−intensity),0,129.18014393489966,common_voice_chuvash,-0.13004917583235368,0.2894736842105263,2.7667984189723316,-3.645269169599226,2.419900883827511,,,131.7316700642549,17.954720358326462,974.674049539536,unknown,
cv_84,209,39,4,-1.8263816143791016,tie,,not assessable (<30 default tokens),0.0330604685199553,0.3549255242910996,0.3894230464783924,0.134471655828037,0.8868025393491958,1.3315407867281597,-0.0683507187881263,-0.1769514907669966,-0.5526946937713745,0,0,0,none,0,106.2440616185796,common_voice_chuvash,1.0707693045852194,0.7692307692307693,3.076923076923077,-0.9959289246451968,1.2551593225500453,,,106.14975317943016,17.381904558316965,1006.7941600580546,unknown,
cv_85,411,40,8,-12.648987378235232,A6,,not assessable (<30 default tokens),0.071719161319682,1.0577099055590706,0.867511832593466,0.158597999861388,1.469070083459765,1.802679048373121,-0.0151596772220239,0.6463497276583763,-0.067655383186189,0,0,1,f0,0,132.4361094527397,common_voice_chuvash,-0.015200871869194511,0.325,3.08641975308642,-3.535459029492542,1.8528487677452137,,,135.1452441722913,17.713029956875076,987.9732627679326,unknown,
cv_87,421,52,6,7.951587347186205,B5,,not assessable (<30 default tokens),0.1015436202298081,0.3908628368413227,-0.0829231875567176,0.1917350646236056,0.7720923383343452,0.6424751662007187,0.0113521758360107,0.0096333353483001,-0.808321541314154,1,0,1,length + f0,0,109.88520700355468,common_voice_chuvash,0.7941768959741192,0.7884615384615384,3.372932515496035,-1.61090364259152,1.4284215656415977,,,110.2439073946194,17.36928792181481,1007.5254713246492,unknown,
cv_88,285,54,3,-0.2322802898054305,tie,,not assessable (<30 default tokens),0.1903513927346399,0.5426504826785219,0.0671622107738534,0.289835297713203,0.8593684504534702,0.7785714396754339,0.0908674877560767,0.2259325149035735,-0.644247018127727,1,0,1,length + f0,0,104.95800060030263,common_voice_chuvash,1.2657561838040912,0.6851851851851852,2.932551319648094,-0.1591673486361373,0.9853483229767216,,,102.01788709036587,17.286478989357143,1012.3519087244036,unknown,
cv_89,487,54,6,-0.5765430821288646,tie,,not assessable (<30 default tokens),0.0243942936217986,-0.3025262188037889,0.0957309505499749,0.1155627101988578,0.2760304011708644,1.2366027321081623,-0.0667741229552605,-0.8810828387784422,-1.0451408310082122,0,0,0,none,0,135.30816187031274,common_voice_chuvash,-0.25827414907806023,0.2037037037037037,2.577319587628866,-3.5975753757740003,2.768956753999459,,,136.78659539889745,20.545461413500632,851.7696267702497,unknown,
cv_90,554,58,11,-2.6884707341996545,A6,,not assessable (<30 default tokens),0.1760704545217491,0.2378420234992714,0.7621696586509266,0.2500026393448724,1.0453590293515544,1.3826348251891174,0.1021382696986258,-0.5696749823530116,0.1417044921127356,1,1,0,length + intensity,0,174.94212160806973,common_voice_chuvash,-0.5072506142959702,0.05172413793103448,3.571428571428571,-3.964921147050151,3.4747152426887062,,,176.82058550293397,15.24274569084823,1148.0871199279425,unknown,
cv_91,384,69,4,-0.6281356722023475,tie,,not assessable (<30 default tokens),0.094910876394529,0.1439834628050127,1.601374625047172,0.1824447770158812,0.4599481260860166,2.586713637102905,0.0073769757731768,-0.1719812004759911,0.6160356129914388,1,1,0,length + intensity,0,214.82915194368337,common_voice_chuvash,0.11998642225584338,0.32894736842105265,3.571428571428571,-1.81977560230304,1.521129838731826,male_masculine,teens,216.7313063393925,17.09745317920968,1023.5442563621004,male,1.0
cv_92,758,100,12,-2.8234271181943313,A6,,not assessable (<30 default tokens),0.1668360420801422,1.134707072768255,2.102554496566993,0.2315037708488323,1.711664359480995,2.9213322960046,0.1021683133114521,0.5577497860555156,1.2837766971293858,1,1,1,length + intensity + f0,1,126.87444744954625,common_voice_chuvash,-0.10142556428849851,0.24271844660194175,2.857419503412469,-2.162398049924737,3.078515773558354,,,124.99864270439434,16.46976301314694,1062.553236863862,unknown,
cv_93,581,107,9,1.0552294710214485,tie,,not assessable (<30 default tokens),0.1229430785331921,0.6515530551252607,1.9740545605065145,0.2042291883770886,1.203428077365606,3.1670558484470352,0.0416569686892956,0.0996780328849156,0.7810532725659933,1,1,1,length + intensity + f0,1,121.53350759452533,common_voice_chuvash,0.020930432988769534,0.22807017543859648,2.061855670103093,0.1479843472026124,2.8354096311221024,,,114.99119583106857,17.03407322748425,1027.3526341171284,unknown,
cv_94,1491,142,27,-11.106248501290793,A6,,not assessable (<30 default tokens),0.2630634156946129,-0.1244839984892292,0.0043687701643047,0.31106935003481,0.2893875525501765,0.4362149447873744,0.2150574813544157,-0.5383555495286351,-0.4274774044587648,1,0,0,length,0,221.52284571171515,common_voice_chuvash,-0.5846920186866252,0.014084507042253521,3.068297185048454,-4.428229715515434,3.4912592836338767,,,224.77381239535632,14.763598128094594,1185.347897454492,unknown,
cv_95,1310,147,30,7.47263096486131,B5,0.96,B5 (robust),0.1600005013857718,-0.0690976904854254,-0.0955479116488094,0.2104183416442012,0.2765172834469509,0.3947439532788668,0.1095826611273424,-0.4147126644178017,-0.5858397765764856,1,0,0,length,0,210.37849478424286,common_voice_chuvash,-0.22708961626968927,0.25675675675675674,3.3613445378151257,-4.171876397071825,2.850098676043384,female_feminine,twenties,216.71675815676136,17.020124994977635,1028.19456409186,female,2.0
cv_96,1512,147,24,-13.886822717616724,A6,,not assessable (<30 default tokens),0.2540865796279281,-0.3662495577931871,0.3109090747192542,0.3014734137074497,0.0196719758191793,0.7468451765945118,0.2066997455484066,-0.7521710914055536,-0.1250270271560033,1,0,0,length,0,221.87485744650107,common_voice_chuvash,-0.5791653629615412,0.006756756756756757,2.824980798771122,-3.834262666669444,3.1543521406148805,female_feminine,fourties,223.78687901924303,14.58768560127877,1199.6419773720606,female,4.0
cv_97,1341,177,20,-7.112835387280484,A6,,not assessable (<30 default tokens),0.2311603505284108,-0.362302615768036,1.370692514476289,0.2942023433188193,-0.0568063834232466,1.9510599967573812,0.1681183577380023,-0.6677988481128254,0.7903250321951967,1,1,-1,length + intensity (−f0),0,221.10166428116656,common_voice_chuvash,-0.2917255541190024,0.12021857923497267,2.5,-3.001089228354113,1.8496595141987575,female_feminine,teens,221.5945208795625,16.26271994004102,1076.0807579864072,female,1.0
cv_98,1638,196,37,-34.48134982091142,A6,0.015,A6 (robust),0.2492639085302659,1.1826296049613454,0.5877524608730743,0.296323087090902,1.4723400828204598,1.0203987732064292,0.2022047299696299,0.892919127102231,0.1551061485397193,1,1,1,length + intensity + f0,1,116.1549819921469,common_voice_chuvash,0.391881536699942,0.6836734693877551,3.3783783783783785,-1.7498965752902638,1.9597389830969856,male_masculine,fifties,114.3586739063005,17.343152577949343,1009.043766486266,male,5.0
cv_99,1227,193,14,-3.708522865617851,A6,,not assessable (<30 default tokens),0.2320347546923283,-0.1610685154890307,1.265585367099955,0.2948316202791973,0.0816458499172806,1.85216269743291,0.1692378891054594,-0.4037828808953421,0.6790080367670001,1,1,0,length + intensity,0,231.80982170042512,common_voice_chuvash,0.02282024154999066,0.23786407766990292,2.797202797202797,-3.14474674506165,1.820999182701128,female_feminine,teens,236.1961609168888,16.734973245524273,1045.714250226264,female,1.0
