spk,cue,both,both_se,default,default_se,n_default,ratio
chv_voice_1,duration,0.11389905267434877,0.02123152196305428,-0.017843553966658553,0.042631265399695834,99,-0.1566611270918595
chv_voice_1,intensity,0.7983042494583399,0.2589670638416412,1.3281906296774921,0.6214780992489771,99,1.6637649499907927
chv_voice_1,f0,0.11597860737410022,0.18754164645635274,0.3249428229027216,0.4145601126775168,99,2.801747928000093
chv_voice_2,duration,0.1123161714208708,0.01920109855290632,0.1424983135919285,0.049376581010079565,132,1.2687248130810946
chv_voice_2,intensity,-0.019724112036823893,0.15447476613783498,-0.049084215706536365,0.572357934042363,132,2.488538678694315
chv_voice_2,f0,0.08628515984818291,0.15909682796619123,0.02305829801254518,0.30248092843239816,132,0.2672336477456357
chv_voice_3,duration,0.1300036670463512,0.03188909049450912,0.014501848767068344,0.0658804649266199,44,0.11154953622883491
chv_voice_3,intensity,0.37604705386782655,0.2518203027035188,1.5395707342486284,0.7224943649147725,44,4.094090668743169
chv_voice_3,f0,0.2733623566928909,0.20832568522503905,0.7058698478570238,0.49035888195280986,44,2.582176479587618
chv_voice_4,duration,0.08884047333813272,0.02146118653331402,0.024699097295361454,0.04182369524096712,122,0.2780162730713405
chv_voice_4,intensity,0.8377945127805672,0.16538121298241185,1.140653209925843,0.36682873532709015,122,1.3614952026125287
chv_voice_4,f0,0.36943929621643334,0.12085550741597996,0.31235922766896246,0.27723187701740887,122,0.8454954057891261
chv_voice_main,duration,0.11268492426307866,0.0071555541309019375,0.04375558606939762,0.015664122484105064,11227,0.3883002660342044
chv_voice_main,intensity,0.5184538008198022,0.07855552152657004,1.3279297017184077,0.18116117413371505,11227,2.561326968031918
chv_voice_main,f0,0.09961314631309647,0.03562566926015855,0.08429905546589445,0.09857690765517665,11227,0.8462643595347552
cv_100,duration,0.10937841723675598,0.02767780682257332,0.055484493753058,0.06661299911018621,47,0.507270951205653
cv_100,intensity,-0.10907489696433391,0.25754841973658604,0.7881362208389291,0.47022878132830953,47,-7.2256425884742255
cv_100,f0,-0.29718119852113845,0.24956893679796655,-0.4637631425292198,0.5940526264380676,47,1.5605399831383762
cv_102,duration,0.09030572517677611,0.022275658504588826,0.12816336888984475,0.052693226959133414,127,1.4192164299545924
cv_102,intensity,-0.05196438001872841,0.17606445514947458,0.5755262051177588,0.406601533300762,127,-11.07539828071333
cv_102,f0,-0.7494592378585035,0.16385472782085103,0.28160314892263716,0.3735599076461018,127,-0.3757417811371394
cv_104,duration,0.19538273163027214,0.017358869794298994,0.24940664803878906,0.04616826669143146,174,1.2765030254093683
cv_104,intensity,1.8960305464356446,0.21001158398108813,2.448616786334579,0.4989962962160491,174,1.291443743318241
cv_104,f0,0.3924053842298351,0.11100521907631394,0.9296889609994751,0.21781212265714175,174,2.3692054145081465
cv_105,duration,0.005678281650090211,0.030905358701042995,0.03939309800185392,0.07324522678252794,37,6.937503355654801
cv_105,intensity,0.6817701298995453,0.319878447881541,2.5486245368352254,0.6654657597198934,37,3.7382461112086998
cv_105,f0,0.5393692830329573,0.13895402790328523,0.5652179070342379,0.29595821897139324,37,1.0479237969502635
cv_106,duration,0.003306875241505935,0.018627479181028642,0.03495125523869363,0.04420113594693594,169,10.56926938156185
cv_106,intensity,1.3612808732074728,0.20044110732166115,1.9148864063752309,0.4787073310088593,169,1.4066798733925816
cv_106,f0,0.3819943218881665,0.11939654604590194,0.7645700326741415,0.28944492693200174,169,2.001521983088478
cv_107,duration,0.08531586976041731,0.017505855215027014,0.21554958756883796,0.040288364014376306,246,2.5264887783965744
cv_107,intensity,1.6025084710527737,0.16494518192240926,2.0001461606879825,0.3647023469619483,246,1.248134532090167
cv_107,f0,0.13189297619244697,0.07339849567533896,0.8019201453785131,0.19195832028445137,246,6.080082264641748
cv_108,duration,0.12731687840307818,0.012540418769651248,0.17585862719888576,0.03127438127548096,454,1.381267192572277
cv_108,intensity,0.650943516353564,0.14481305486550478,1.169933049826654,0.30956915788090866,454,1.7972881216796661
cv_108,f0,-0.1092897581403485,0.06027042585768102,0.3506868646021074,0.13030702406560485,454,-3.2087806814592805
cv_109,duration,0.14182510811309987,0.012028300263590759,0.19330049736315613,0.028002439140486314,467,1.3629497621042297
cv_109,intensity,2.3064694786044644,0.1405808385268791,2.4237473573313326,0.2895085827793759,467,1.0508473577538202
cv_109,f0,0.4706861512319331,0.06357216391503745,0.4335451351208887,0.13480819311030487,467,0.9210917593096064
cv_95,duration,0.15173576954980303,0.03404292416904387,0.15649639054169118,0.07764602607646945,30,1.0313744149188606
cv_95,intensity,-0.3269260198463985,0.36097561824319896,0.2432540324538202,0.8458234360279506,30,-0.7440644601127485
cv_95,f0,0.0019960281079554726,0.30121659391203404,0.42868770797611433,0.5882753797928756,30,214.77037636269472
cv_98,duration,0.2698768119071832,0.0350045965071135,0.23662137157609692,0.08342950131908536,37,0.8767754810201197
cv_98,intensity,-0.3416254127641282,0.32676487311608154,0.43454279500741894,0.6656144669426943,37,-1.2719861543422257
cv_98,f0,1.2479769360920425,0.21326850378101034,1.926112718932919,0.47270731362795454,37,1.543388073312007
