spk,n_boot,share_B5_beats_A6,median_dAIC_A6_minus_B5
chv_voice_1,200,0.965,11.658373912604475
chv_voice_2,200,0.2,-9.771372509337198
chv_voice_3,200,0.28,-2.8848145203480726
chv_voice_4,200,0.165,-6.533949800852497
chv_voice_main,200,1.0,310.68683897846495
cv_100,200,0.76,3.977690356246285
cv_102,200,0.69,5.37580943024841
cv_104,200,0.0,-87.84824417590244
cv_105,200,0.05,-8.861914425193618
cv_106,200,0.005,-23.172491290751168
cv_107,200,0.0,-84.26178246498148
cv_108,200,0.07,-30.248179278769385
cv_109,200,0.0,-373.3515988565614
cv_95,200,0.96,7.334979986319922
cv_98,200,0.015,-35.012143244671165
