F1,F2,F3,F1_s,F2_s,F3_s,B1,B2,B3,error,time,rel_time,prop_time,max_formant,n_formant,smooth_method,file_name,id,group,label,speaker_num,optimized,word,stress,dur,pre_word,fol_word,pre_seg,fol_seg,abs_pre_seg,abs_fol_seg,context
520.1225171443907,1097.594321566326,3004.228787716042,520.6753292764836,1096.7895253906127,2996.4400861672802,105.48114127377521,49.22304368788261,129.9957590266685,0.00002163949010593714,0.536375,0.0063750000000000195,0.10625000000000043,6589.74358974359,3,dct_smooth_regression,utterance_000000,0-0-1-1,group_0,u,1,3,вӑйӑн-шайӑн,"",0.05999999999999994,<eps>,упӑшка,v,j,v,j,internal
519.7551639526132,1105.631719500124,2986.328271053291,519.7595127562945,1103.0126595944942,2985.912737453317,105.13525685837226,44.45492854713621,127.73771577264678,0.00002163949010593714,0.538375,0.008375000000000021,0.1395833333333338,6589.74358974359,3,dct_smooth_regression,utterance_000000,0-0-1-1,group_0,u,1,3,вӑйӑн-шайӑн,"",0.05999999999999994,<eps>,упӑшка,v,j,v,j,internal
518.7775802371181,1113.4081624484556,2963.26384868705,518.2774192978108,1113.2803305789673,2967.00564642176,105.36152962789215,37.42010055510329,122.04909311422284,0.00002163949010593714,0.540375,0.010375000000000023,0.17291666666666722,6589.74358974359,3,dct_smooth_regression,utterance_000000,0-0-1-1,group_0,u,1,3,вӑйӑн-шайӑн,"",0.05999999999999994,<eps>,упӑшка,v,j,v,j,internal
517.2874741483183,1120.9412905145823,2937.5941539800024,516.79966119469,1124.2678076744185,2943.5585687152834,107.55308587029842,30.98834626501646,111.94906634396047,0.00002163949010593714,0.542375,0.012375000000000025,0.2062500000000006,6589.74358974359,3,dct_smooth_regression,utterance_000000,0-0-1-1,group_0,u,1,3,вӑйӑн-шайӑн,"",0.05999999999999994,<eps>,упӑшка,v,j,v,j,internal
515.8979658406488,1128.8327846592067,2914.2545062067406,515.9054885836215,1133.1034397541582,2920.269191197154,112.99595218602042,26.84223493492688,98.27030414473023,0.00002163949010593714,0.544375,0.014375000000000027,0.239583333333334,6589.74358974359,3,dct_smooth_regression,utterance_000000,0-0-1-1,group_0,u,1,3,вӑйӑн-шайӑн,"",0.05999999999999994,<eps>,упӑшка,v,j,v,j,internal
515.5943031216386,1137.4174878446092,2899.88317610553,515.9596328770558,1138.8125182340277,2901.633294889014,122.33414255387,25.599702455304005,83.84134535166447,0.00002163949010593714,0.546375,0.01637500000000003,0.2729166666666674,6589.74358974359,3,dct_smooth_regression,utterance_000000,0-0-1-1,group_0,u,1,3,вӑйӑн-шайӑн,"",0.05999999999999994,<eps>,упӑшка,v,j,v,j,internal
516.7860059490748,1145.9481184067586,2896.1535822255846,516.9548199490039,1142.9508402945055,2890.879052248804,135.00028350824718,27.615762477097675,71.95260072705503,0.00002163949010593714,0.5483750000000001,0.01837500000000003,0.3062500000000008,6589.74358974359,3,dct_smooth_regression,utterance_000000,0-0-1-1,group_0,u,1,3,вӑйӑн-шайӑн,"",0.05999999999999994,<eps>,упӑшка,v,j,v,j,internal
518.4469097325382,1154.8132015108383,2897.6234454109117,518.4734841521428,1149.1313287228747,2889.150628510777,148.63546638628875,33.53675655873467,64.86898387748799,0.00002163949010593714,0.5503750000000001,0.020375000000000032,0.3395833333333342,6589.74358974359,3,dct_smooth_regression,utterance_000000,0-0-1-1,group_0,u,1,3,вӑйӑн-шайӑн,"",0.05999999999999994,<eps>,упӑшка,v,j,v,j,internal
519.6659631743156,1165.734614269692,2901.0826914453382,519.7822229086795,1161.6333203397041,2895.1747717769213,159.0804333607544,44.267795745623836,63.69448988008833,0.00002163949010593714,0.5523750000000001,0.022375000000000034,0.37291666666666756,6589.74358974359,3,dct_smooth_regression,utterance_000000,0-0-1-1,group_0,u,1,3,вӑйӑн-шайӑн,"",0.05999999999999994,<eps>,упӑшка,v,j,v,j,internal
519.970704725883,1181.120439016766,2904.3725077274617,520.0298594744198,1183.6796434082405,2905.550150913702,161.79426940371863,60.059529679363486,69.00745660285004,0.00002163949010593714,0.5543750000000001,0.024375000000000036,0.40625000000000094,6589.74358974359,3,dct_smooth_regression,utterance_000000,0-0-1-1,group_0,u,1,3,вӑйӑн-шайӑн,"",0.05999999999999994,<eps>,упӑшка,v,j,v,j,internal
518.8360160721189,1208.0778282502922,2907.445355210927,518.489035947471,1216.0971366645579,2915.6415930268186,154.44195980654024,78.72855929009928,81.04641926163252,0.00002163949010593714,0.5563750000000001,0.026375000000000037,0.4395833333333344,6589.74358974359,3,dct_smooth_regression,utterance_000000,0-0-1-1,group_0,u,1,3,вӑйӑн-шайӑн,"",0.05999999999999994,<eps>,упӑшка,v,j,v,j,internal
515.3825976525767,1251.1961005424282,2910.9266944965025,514.7711924991959,1256.8904853163565,2920.8784405221863,138.55918668947598,94.66964512146818,98.76390315990045,0.00002163949010593714,0.558375,0.028374999999999928,0.47291666666666593,6589.74358974359,3,dct_smooth_regression,utterance_000000,0-0-1-1,group_0,u,1,3,вӑйӑн-шайӑн,"",0.05999999999999994,<eps>,упӑшка,v,j,v,j,internal
508.8286603513238,1306.3967690101479,2914.2127011457997,508.9567190657597,1301.8497813798294,2918.1074213678758,118.53775718333398,101.44128953264878,118.28986632186803,0.00002163949010593714,0.560375,0.03037499999999993,0.5062499999999993,6589.74358974359,3,dct_smooth_regression,utterance_000000,0-0-1-1,group_0,u,1,3,вӑйӑн-шайӑн,"",0.05999999999999994,<eps>,упӑшка,v,j,v,j,internal
500.61321052828123,1355.293242074541,2912.6581765680153,501.60961287190247,1345.87029578559,2906.5953285651476,98.96696076605187,96.89387849287796,133.2198625712366,0.00002163949010593714,0.562375,0.03237499999999993,0.5395833333333326,6589.74358974359,3,dct_smooth_regression,utterance_000000,0-0-1-1,group_0,u,1,3,вӑйӑн-шайӑн,"",0.05999999999999994,<eps>,упӑшка,v,j,v,j,internal
493.40619887952533,1386.3464268602072,2900.2604111744245,493.67857459069404,1384.3885177311856,2888.3499432989984,82.7532110034164,84.88311281261731,138.57977105846646,0.00002163949010593714,0.564375,0.03437499999999993,0.5729166666666661,6589.74358974359,3,dct_smooth_regression,utterance_000000,0-0-1-1,group_0,u,1,3,вӑйӑн-шайӑн,"",0.05999999999999994,<eps>,упӑшка,v,j,v,j,internal
487.12240353503523,1407.7971008598379,2876.0709618299343,486.31381072801287,1414.347963619958,2867.6198221181344,70.93564925584725,71.5700051810102,134.9901423432234,0.00002163949010593714,0.566375,0.036374999999999935,0.6062499999999995,6589.74358974359,3,dct_smooth_regression,utterance_000000,0-0-1-1,group_0,u,1,3,вӑйӑн-шайӑн,"",0.05999999999999994,<eps>,упӑшка,v,j,v,j,internal
481.4008654600022,1427.5465995811885,2847.5349705500284,480.6444138828746,1434.3827228307985,2849.689424491586,63.43734401220301,61.35320131417083,127.7831112099454,0.00002163949010593714,0.568375,0.03837499999999994,0.6395833333333328,6589.74358974359,3,dct_smooth_regression,utterance_000000,0-0-1-1,group_0,u,1,3,вӑйӑн-шайӑн,"",0.05999999999999994,<eps>,упӑшка,v,j,v,j,internal
476.7501040775186,1450.6965431414226,2827.8824682008167,477.5638545268081,1444.3044327371422,2839.3206080496393,59.839097024582856,56.0453505011602,122.62389515627869,0.00002163949010593714,0.570375,0.04037499999999994,0.6729166666666663,6589.74358974359,3,dct_smooth_regression,utterance_000000,0-0-1-1,group_0,u,1,3,вӑйӑн-шайӑн,"",0.05999999999999994,<eps>,упӑшка,v,j,v,j,internal
482.5000557843696,2410.293148769146,2982.0027147960486,494.1594206208067,2395.2702093692646,2997.751747693744,39.125854323345656,130.53749769582367,131.51750564435656,0.00035033131275231656,0.666375,0.0063750000000000195,0.07083333333333357,6410.25641025641,3,dct_smooth_regression,utterance_000000,0-0-1-3,group_0,u,1,3,вӑйӑн-шайӑн,"",0.08999999999999997,<eps>,упӑшка,j,n,j,n,internal
487.57800414045306,2388.9919906591167,2985.4651301611652,494.1566161141274,2386.2107082793423,2995.307124066393,37.16829724468206,127.80673310550027,135.52688761918222,0.00035033131275231656,0.668375,0.008375000000000021,0.09305555555555582,6410.25641025641,3,dct_smooth_regression,utterance_000000,0-0-1-3,group_0,u,1,3,вӑйӑн-шайӑн,"",0.08999999999999997,<eps>,упӑшка,j,n,j,n,internal
492.39551331372735,2367.078063394415,2988.0721446208086,494.22678621934404,2368.630246634525,2991.025028087533,33.7652768945684,122.99026262920724,143.60911646098418,0.00035033131275231656,0.670375,0.010375000000000023,0.11527777777777806,6410.25641025641,3,dct_smooth_regression,utterance_000000,0-0-1-3,group_0,u,1,3,вӑйӑн-шайӑн,"",0.08999999999999997,<eps>,упӑшка,j,n,j,n,internal
496.67893702516415,2341.509460033255,2990.9403093894502,494.51135741624324,2343.5509213387763,2986.0296652799607,29.700177991653366,117.1612278621982,155.83755231191748,0.00035033131275231656,0.6723750000000001,0.012375000000000025,0.13750000000000032,6410.25641025641,3,dct_smooth_regression,utterance_000000,0-0-1-3,group_0,u,1,3,вӑйӑн-шайӑн,"",0.08999999999999997,<eps>,упӑшка,j,n,j,n,internal
500.3285632422554,2309.2300728175655,2993.7125725683454,495.1984521048287,2312.3751013285437,2981.7952277943537,25.721435561598966,111.51219027323495,172.18728059247513,0.00035033131275231656,0.6743750000000001,0.014375000000000027,0.15972222222222257,6410.25641025641,3,dct_smooth_regression,utterance_000000,0-0-1-3,group_0,u,1,3,вӑйӑн-шайӑн,"",0.08999999999999997,<eps>,упӑшка,j,n,j,n,internal
503.6501469807576,2267.908613154883,2995.6132500654635,496.4975663651033,2276.7463357869033,2979.9262065276807,22.35107025052533,107.10480520439401,192.37770895827575,0.00035033131275231656,0.6763750000000001,0.01637500000000003,0.18194444444444483,6410.25641025641,3,dct_smooth_regression,utterance_000000,0-0-1-3,group_0,u,1,3,вӑйӑн-шайӑн,"",0.08999999999999997,<eps>,упӑшка,j,n,j,n,internal
506.52898670104133,2227.459165983829,2996.3033227790575,498.61113612838153,2238.391124992309,2981.9171266500625,19.858862145510844,104.75302981818064,215.69029502771005,0.00035033131275231656,0.6783750000000001,0.01837500000000003,0.20416666666666705,6410.25641025641,3,dct_smooth_regression,utterance_000000,0-0-1-3,group_0,u,1,3,вӑйӑн-шайӑн,"",0.08999999999999997,<eps>,упӑшка,j,n,j,n,internal
509.0518107016926,2195.0689679753727,2997.306004973006,501.7066283184938,2198.960235566773,2988.9267946184546,18.341813857401263,105.01987817457788,240.8157650816854,0.00035033131275231656,0.6803750000000001,0.020375000000000032,0.2263888888888893,6410.25641025641,3,dct_smooth_regression,utterance_000000,0-0-1-3,group_0,u,1,3,вӑйӑн-шайӑн,"",0.08999999999999997,<eps>,упӑшка,j,n,j,n,internal
511.7156275555295,2164.930926251629,3002.468216567086,505.8926905682463,2159.887847095849,3001.600093161537,17.828254877549245,108.25597606048889,265.81235540257165,0.00035033131275231656,0.6823750000000001,0.022375000000000034,0.24861111111111156,6410.25641025641,3,dct_smooth_regression,utterance_000000,0-0-1-3,group_0,u,1,3,вӑйӑн-шайӑн,"",0.08999999999999997,<eps>,упӑшка,j,n,j,n,internal
514.6576664616659,2131.1600649190727,3014.15970578868,511.20232791679996,2122.2840995813217,3019.963502475789,18.360928726313475,114.60626624063123,288.255341003353,0.00035033131275231656,0.6843750000000001,0.024375000000000036,0.2708333333333338,6410.25641025641,3,dct_smooth_regression,utterance_000000,0-0-1-3,group_0,u,1,3,вӑйӑн-шайӑн,"",0.08999999999999997,<eps>,упӑшка,j,n,j,n,internal
517.768438381908,2090.6931140833194,3031.0184419883285,517.5851279970262,2086.87196535737,3043.4098457916293,20.048394645546907,123.93722919262561,305.6055348772353,0.00035033131275231656,0.6863750000000001,0.026375000000000037,0.29305555555555607,6410.25641025641,3,dct_smooth_regression,utterance_000000,0-0-1-3,group_0,u,1,3,вӑйӑн-шайӑн,"",0.08999999999999997,<eps>,упӑшка,j,n,j,n,internal
521.3090826404724,2044.8804767680826,3054.321430287183,524.9093591479123,2053.973443319106,3070.774794651549,23.087216742788616,135.6794985952265,315.72614796170683,0.00035033131275231656,0.688375,0.028374999999999928,0.31527777777777705,6410.25641025641,3,dct_smooth_regression,utterance_000000,0-0-1-3,group_0,u,1,3,вӑйӑн-шайӑн,"",0.08999999999999997,<eps>,упӑшка,j,n,j,n,internal
525.4014872984093,2007.788009734538,3082.8305799621876,532.9734826036213,2023.5436785784157,3100.494295906514,27.753389262496803,148.6449122715837,317.38176661956226,0.00035033131275231656,0.690375,0.03037499999999993,0.3374999999999993,6410.25641025641,3,dct_smooth_regression,utterance_000000,0-0-1-3,group_0,u,1,3,вӑйӑн-шайӑн,"",0.08999999999999997,<eps>,упӑшка,j,n,j,n,internal
531.1449730705818,1983.0522669473758,3122.0983003926167,541.5254239452313,1995.2456075743205,3130.8202344899096,34.35273869161336,160.95622389040474,310.52786286267497,0.00035033131275231656,0.692375,0.03237499999999993,0.35972222222222155,6410.25641025641,3,dct_smooth_regression,utterance_000000,0-0-1-3,group_0,u,1,3,вӑйӑн-шайӑн,"",0.08999999999999997,<eps>,упӑшка,j,n,j,n,internal
539.251020063469,1971.4770488746751,3165.9950975016604,550.2869994147212,1968.552908622188,3160.063044079453,43.12034359107088,170.2662405238806,296.2765201973437,0.00035033131275231656,0.694375,0.03437499999999993,0.3819444444444438,6410.25641025641,3,dct_smooth_regression,utterance_000000,0-0-1-3,group_0,u,1,3,вӑйӑн-шайӑн,"",0.08999999999999997,<eps>,упӑшка,j,n,j,n,internal
549.987595537977,1966.3900117860464,3199.9105273967875,558.9803122903331,1942.8660151796898,3186.825878673185,54.08087384961628,174.34695690477182,276.5648036317095,0.00035033131275231656,0.696375,0.036374999999999935,0.40416666666666606,6410.25641025641,3,dct_smooth_regression,utterance_000000,0-0-1-3,group_0,u,1,3,вӑйӑн-шайӑн,"",0.08999999999999997,<eps>,упӑшка,j,n,j,n,internal
564.2493807018466,1955.2115279068728,3226.3878345014195,567.3527933503171,1917.6250789264857,3210.195972857781,66.9249368639408,171.8750257881766,253.67107003103175,0.00035033131275231656,0.698375,0.03837499999999994,0.4263888888888883,6410.25641025641,3,dct_smooth_regression,utterance_000000,0-0-1-3,group_0,u,1,3,вӑйӑн-шайӑн,"",0.08999999999999997,<eps>,упӑшка,j,n,j,n,internal
579.4560491984834,1921.7846964203952,3246.369816229135,575.1978658303033,1892.4051033670598,3229.8648226249597,80.99128166373663,162.99808237362228,229.75691008675156,0.00035033131275231656,0.700375,0.04037499999999994,0.44861111111111057,6410.25641025641,3,dct_smooth_regression,utterance_000000,0-0-1-3,group_0,u,1,3,вӑйӑн-шайӑн,"",0.08999999999999997,<eps>,упӑшка,j,n,j,n,internal
591.2628599651501,1865.5581195669556,3256.926453203149,582.3689156043475,1866.981751716313,3246.1589679814797,95.42117849655759,149.30876336955967,206.5586745600867,0.00035033131275231656,0.702375,0.04237499999999994,0.4708333333333328,6410.25641025641,3,dct_smooth_regression,utterance_000000,0-0-1-3,group_0,u,1,3,вӑйӑн-шайӑн,"",0.08999999999999997,<eps>,упӑшка,j,n,j,n,internal
599.456910012407,1811.3365866023892,3260.2160341974995,588.7852345540234,1841.3610465475797,3259.976009201068,109.45481755206842,133.22559382065464,185.26336203195902,0.00035033131275231656,0.704375,0.04437499999999994,0.4930555555555551,6410.25641025641,3,dct_smooth_regression,utterance_000000,0-0-1-3,group_0,u,1,3,вӑйӑн-шайӑн,"",0.08999999999999997,<eps>,упӑшка,j,n,j,n,internal
605.3294838679751,1780.5726124886205,3263.434813022292,594.4297346712023,1815.7716177401414,3272.6342020707643,122.73652624583764,117.16479771165226,166.53269413151,0.00035033131275231656,0.706375,0.046374999999999944,0.5152777777777773,6410.25641025641,3,dct_smooth_regression,utterance_000000,0-0-1-3,group_0,u,1,3,вӑйӑн-шайӑн,"",0.08999999999999997,<eps>,упӑшка,j,n,j,n,internal
609.2406952815888,1764.206579638207,3269.537177388019,599.3393412762356,1790.623530820795,3285.6565842887803,135.4823276442075,102.94284782887847,150.61008194829313,0.00035033131275231656,0.708375,0.048374999999999946,0.5374999999999995,6410.25641025641,3,dct_smooth_regression,utterance_000000,0-0-1-3,group_0,u,1,3,вӑйӑн-шайӑн,"",0.08999999999999997,<eps>,упӑшка,j,n,j,n,internal
610.4477871039909,1751.3885426299134,3282.0805463766387,603.5899112545184,1766.4422808690917,3300.5202667389135,148.4547284686732,91.593616834414,137.45114416403604,0.00035033131275231656,0.710375,0.05037499999999995,0.5597222222222218,6410.25641025641,3,dct_smooth_regression,utterance_000000,0-0-1-3,group_0,u,1,3,вӑйӑн-шайӑн,"",0.08999999999999997,<eps>,упӑшка,j,n,j,n,internal
608.7690424453865,1740.3077725612338,3304.311332866005,607.2781601804595,1743.789646027309,3318.4068735457904,162.79753779870484,83.50323534530061,126.84030856577134,0.00035033131275231656,0.712375,0.05237499999999995,0.581944444444444,6410.25641025641,3,dct_smooth_regression,utterance_000000,0-0-1-3,group_0,u,1,3,вӑйӑн-шайӑн,"",0.08999999999999997,<eps>,упӑшка,j,n,j,n,internal
605.2250632503175,1729.7260273682373,3338.4966225987196,610.5033401607964,1723.1843610530477,3339.990342637383,179.81832093036672,78.66023890359797,118.4779402970307,0.00035033131275231656,0.714375,0.05437499999999995,0.6041666666666663,6410.25641025641,3,dct_smooth_regression,utterance_000000,0-0-1-3,group_0,u,1,3,вӑйӑн-шайӑн,"",0.08999999999999997,<eps>,упӑшка,j,n,j,n,internal
601.316259349007,1720.0823105196332,3377.51268711596,613.3512642007234,1705.0348733250553,3365.293343339875,200.76151648589286,76.86697119439523,112.03718957221457,0.00035033131275231656,0.716375,0.05637499999999995,0.6263888888888886,6410.25641025641,3,dct_smooth_regression,utterance_000000,0-0-1-3,group_0,u,1,3,вӑйӑн-шайӑн,"",0.08999999999999997,<eps>,упӑшка,j,n,j,n,internal
599.0435597853792,1711.67782015273,3411.506833812847,615.8827577596719,1689.593947965128,3393.6341097480554,226.54846378133973,77.84756695841322,107.19683753068256,0.00035033131275231656,0.718375,0.058374999999999955,0.6486111111111108,6410.25641025641,3,dct_smooth_regression,utterance_000000,0-0-1-3,group_0,u,1,3,вӑйӑн-шайӑн,"",0.08999999999999997,<eps>,упӑшка,j,n,j,n,internal
601.2130147308978,1703.2771049212322,3439.402464979697,618.1278215658963,1676.9410210807062,3423.6728545870074,257.43124192385,81.24953941459773,103.65820049560001,0.00035033131275231656,0.720375,0.060374999999999956,0.6708333333333331,6410.25641025641,3,dct_smooth_regression,utterance_000000,0-0-1-3,group_0,u,1,3,вӑйӑн-шайӑн,"",0.08999999999999997,<eps>,упӑшка,j,n,j,n,internal
611.2818905661762,1692.8902780897843,3460.4020679317864,620.0858384491148,1666.9935787554602,3453.552902454321,292.5515697540482,86.56741117220194,101.15318742224324,0.00035033131275231656,0.722375,0.06237499999999996,0.6930555555555553,6410.25641025641,3,dct_smooth_regression,utterance_000000,0-0-1-3,group_0,u,1,3,вӑйӑн-шайӑн,"",0.08999999999999997,<eps>,упӑшка,j,n,j,n,internal
626.5790874056088,1677.313094406112,3476.4263869951806,621.731197608104,1659.5441810190855,3481.118252645715,329.5234312490436,93.041400859985,99.44862811374344,0.00035033131275231656,0.724375,0.06437499999999996,0.7152777777777776,6410.25641025641,3,dct_smooth_regression,utterance_000000,0-0-1-3,group_0,u,1,3,вӑйӑн-шайӑн,"",0.08999999999999997,<eps>,упӑшка,j,n,j,n,internal
637.1928672335023,1653.6295518826396,3491.985053226973,623.0228871149919,1654.3157626828688,3504.1783603675062,364.32230082806495,99.6120711318566,98.3499002728768,0.00035033131275231656,0.726375,0.06637499999999996,0.7374999999999998,6410.25641025641,3,dct_smooth_regression,utterance_000000,0-0-1-3,group_0,u,1,3,вӑйӑн-шайӑн,"",0.08999999999999997,<eps>,упӑшка,j,n,j,n,internal
635.1483316213979,1627.8620720388446,3510.088564016956,623.9160410764231,1651.0251213816607,3520.784069879688,391.8231520764606,105.02016180140745,97.70507219787471,0.00035033131275231656,0.728375,0.06837499999999996,0.7597222222222221,6410.25641025641,3,dct_smooth_regression,utterance_000000,0-0-1-3,group_0,u,1,3,вӑйӑн-шайӑн,"",0.08999999999999997,<eps>,упӑшка,j,n,j,n,internal
626.5998026758947,1609.7006943889191,3534.4429359970427,624.3732022661338,1649.4434418525623,3529.4768287803204,407.10214475557484,108.08678432383859,97.40942387415497,0.00035033131275231656,0.730375,0.07037499999999997,0.7819444444444443,6410.25641025641,3,dct_smooth_regression,utterance_000000,0-0-1-3,group_0,u,1,3,вӑйӑн-шайӑн,"",0.08999999999999997,<eps>,упӑшка,j,n,j,n,internal
582.2589723077562,1481.3120759996864,3402.881042346451,598.4422172343847,1490.8093543915372,3393.8921807244988,233.65242885210841,168.6565487144751,106.45562783919964,0.00030091745873049244,1.206375,0.0063750000000000195,0.07968750000000017,6410.25641025641,3,dct_smooth_regression,utterance_000000,0-0-2-0,group_0,u,1,3,упӑшка,"",0.08000000000000007,вӑйӑн-шайӑн,мар,#,p,n,p,initial
597.4051204776737,1458.6248904564854,3396.1454646411817,599.4914895916187,1474.5173400627475,3393.606145269691,236.8040228415749,175.11135589408372,98.7036958475384,0.00030091745873049244,1.208375,0.008375000000000021,0.10468750000000018,6410.25641025641,3,dct_smooth_regression,utterance_000000,0-0-2-0,group_0,u,1,3,упӑшка,"",0.08000000000000007,вӑйӑн-шайӑн,мар,#,p,n,p,initial
604.9695454788261,1434.231185397509,3392.126354779628,601.0347750900902,1443.6588422715354,3392.943152022648,242.70920687128933,186.80624027771432,86.03782529591996,0.00030091745873049244,1.210375,0.010375000000000023,0.12968750000000018,6410.25641025641,3,dct_smooth_regression,utterance_000000,0-0-2-0,group_0,u,1,3,упӑшка,"",0.08000000000000007,вӑйӑн-шайӑн,мар,#,p,n,p,initial
608.1685794838788,1406.2298085621203,3389.434205548993,602.075773017106,1401.421740155647,3391.740257336626,250.50090643850592,200.94251251702286,72.30336090974967,0.00030091745873049244,1.212375,0.012375000000000025,0.15468750000000017,6410.25641025641,3,dct_smooth_regression,utterance_000000,0-0-2-0,group_0,u,1,3,упӑшка,"",0.08000000000000007,вӑйӑн-шайӑн,мар,#,p,n,p,initial
609.1264213657709,1370.7933193629526,3386.13196893285,601.3834231877672,1351.975781778884,3389.797146036361,258.7404316179764,212.9363754107233,60.46607850550683,0.00030091745873049244,1.214375,0.014375000000000027,0.17968750000000017,6410.25641025641,3,dct_smooth_regression,utterance_000000,0-0-2-0,group_0,u,1,3,упӑшка,"",0.08000000000000007,вӑйӑн-шайӑн,мар,#,p,n,p,initial
606.5608964921497,1322.252190145351,3381.6407090415937,597.7502432380392,1299.8580868562624,3386.9207498940855,265.37047998893576,217.2552661079571,51.97556343817217,0.00030091745873049244,1.216375,0.01637500000000003,0.2046875000000002,6410.25641025641,3,dct_smooth_regression,utterance_000000,0-0-2-0,group_0,u,1,3,упӑшка,"",0.08000000000000007,вӑйӑн-шайӑн,мар,#,p,n,p,initial
597.0147202187253,1264.7493849162256,3376.9491538587895,590.2526127236727,1249.329937865528,3382.9723849368957,267.85345458629274,209.66844078256548,47.17833308655805,0.00030091745873049244,1.218375,0.01837500000000003,0.22968750000000018,6410.25641025641,3,dct_smooth_regression,utterance_000000,0-0-2-0,group_0,u,1,3,упӑшка,"",0.08000000000000007,вӑйӑн-шайӑн,мар,#,p,n,p,initial
579.6140305536604,1208.474931171968,3373.1780315376263,578.4624967994546,1203.8128815605808,3377.909513849036,263.61629526767393,189.75634358556098,45.98189041240687,0.00030091745873049244,1.220375,0.020375000000000032,0.2546875000000002,6410.25641025641,3,dct_smooth_regression,utterance_000000,0-0-2-0,group_0,u,1,3,упӑшка,"",0.08000000000000007,вӑйӑн-шайӑн,мар,#,p,n,p,initial
556.0706909715335,1158.7348679568495,3370.223537380784,562.5694573181725,1165.4952858998583,3371.815079618845,250.80070388620783,161.4895824103917,48.28481972464868,0.00030091745873049244,1.222375,0.022375000000000034,0.2796875000000002,6410.25641025641,3,dct_smooth_regression,utterance_000000,0-0-2-0,group_0,u,1,3,упӑшка,"",0.08000000000000007,вӑйӑн-шайӑн,мар,#,p,n,p,initial
532.8883276081932,1123.3184824554496,3367.6057954420066,543.3890635626211,1135.1674425474703,3364.9093210263377,229.0795356679572,131.07777871665976,54.067024290019276,0.00030091745873049244,1.224375,0.024375000000000036,0.30468750000000017,6410.25641025641,3,dct_smooth_regression,utterance_000000,0-0-2-0,group_0,u,1,3,упӑшка,"",0.08000000000000007,вӑйӑн-шайӑн,мар,#,p,n,p,initial
513.9805965044325,1101.0312651330871,3364.1257779304824,522.2556116452936,1112.3005012428052,3357.541724972783,200.09333120817877,103.88871080184084,63.1589653022831,0.00030091745873049244,1.226375,0.026375000000000037,0.3296875000000002,6410.25641025641,3,dct_smooth_regression,utterance_000000,0-0-2-0,group_0,u,1,3,упӑшка,"",0.08000000000000007,вӑйӑн-шайӑн,мар,#,p,n,p,initial
497.3346241021186,1085.3602895077236,3357.8270158086066,500.8191463276426,1095.3401539465426,3350.16382883066,167.13077681779703,82.77039826163386,74.75097049654256,0.00030091745873049244,1.228375,0.02837500000000004,0.3546875000000002,6410.25641025641,3,dct_smooth_regression,utterance_000000,0-0-2-0,group_0,u,1,3,упӑшка,"",0.08000000000000007,вӑйӑн-шайӑн,мар,#,p,n,p,initial
482.3359923034799,1073.7436175405835,3348.323587283422,480.7848721464224,1082.1484063840994,3343.2864540080127,134.1007145358004,68.28511213435117,86.89716308050403,0.00030091745873049244,1.230375,0.03037500000000004,0.3796875000000002,6410.25641025641,3,dct_smooth_regression,utterance_000000,0-0-2-0,group_0,u,1,3,упӑшка,"",0.08000000000000007,вӑйӑн-шайӑн,мар,#,p,n,p,initial
468.90130146437446,1064.573711454327,3339.107498694528,463.64366469870527,1070.5028972043588,3337.427176300126,104.3219660100329,59.82407189186246,96.57467248208863,0.00030091745873049244,1.232375,0.03237500000000004,0.4046875000000002,6410.25641025641,3,dct_smooth_regression,utterance_000000,0-0-2-0,group_0,u,1,3,упӑшка,"",0.08000000000000007,вӑйӑн-шайӑн,мар,#,p,n,p,initial
456.25181836538616,1056.1186954590667,3333.540121104436,450.4435483706227,1058.557215587914,3333.0550927356617,79.75280604280353,56.58786764383709,100.76364867847673,0.00030091745873049244,1.234375,0.034375000000000044,0.42968750000000017,6410.25641025641,3,dct_smooth_regression,utterance_000000,0-0-2-0,group_0,u,1,3,упӑшка,"",0.08000000000000007,вӑйӑн-шайӑн,мар,#,p,n,p,initial
446.2173341329528,1048.6586432665788,3330.2900628025063,441.6435559075566,1045.1781780638025,3330.5400797857246,60.91772773920483,58.09867292044678,98.09057570997051,0.00030091745873049244,1.236375,0.036375000000000046,0.4546875000000002,6410.25641025641,3,dct_smooth_regression,utterance_000000,0-0-2-0,group_0,u,1,3,упӑшка,"",0.08000000000000007,вӑйӑн-шайӑн,мар,#,p,n,p,initial
439.15225560665425,1041.2191858024867,3326.1364765927347,437.0750676688929,1030.1041200416341,3330.112800237079,47.33507800933132,64.32053432951032,89.66642142333521,0.00030091745873049244,1.238375,0.03837500000000005,0.4796875000000002,6410.25641025641,3,dct_smooth_regression,utterance_000000,0-0-2-0,group_0,u,1,3,упӑшка,"",0.08000000000000007,вӑйӑн-шайӑн,мар,#,p,n,p,initial
435.9449297379449,1032.3248092063418,3322.6324518981105,436.0148078946591,1013.9060452384352,3331.8399281850257,38.07092241944596,75.49749285760419,78.31736478753201,0.00030091745873049244,1.240375,0.04037500000000005,0.5046875000000002,6410.25641025641,3,dct_smooth_regression,utterance_000000,0-0-2-0,group_0,u,1,3,упӑшка,"",0.08000000000000007,вӑйӑн-шайӑн,мар,#,p,n,p,initial
435.7082417096148,1018.4553310146482,3323.685394703344,437.3522879936155,997.7733065725546,3335.6167723741705,32.157079718940125,91.73312806856447,66.98485818068438,0.00030091745873049244,1.242375,0.04237500000000005,0.5296875000000002,6410.25641025641,3,dct_smooth_regression,utterance_000000,0-0-2-0,group_0,u,1,3,упӑшка,"",0.08000000000000007,вӑйӑн-шайӑн,мар,#,p,n,p,initial
437.0935177598073,995.3424120934912,3333.449649384062,439.81682126705533,983.1794856834877,3341.1770926718023,28.804297805787094,112.35991109353358,57.62264815379475,0.00030091745873049244,1.244375,0.04437500000000005,0.5546875000000002,6410.25641025641,3,dct_smooth_regression,utterance_000000,0-0-2-0,group_0,u,1,3,упӑшка,"",0.08000000000000007,вӑйӑн-шайӑн,мар,#,p,n,p,initial
439.035823385314,968.0889754579571,3350.587449576212,442.21870453450646,971.5057408866061,3348.1178077401332,27.45740879759065,135.38013213666625,51.04842949603924,0.00030091745873049244,1.246375,0.046375000000000055,0.5796875000000002,6410.25641025641,3,dct_smooth_regression,utterance_000000,0-0-2-0,group_0,u,1,3,упӑшка,"",0.08000000000000007,вӑйӑн-шайӑн,мар,#,p,n,p,initial
440.87244473719954,946.913644452289,3366.7231717753116,443.6577425816635,963.7041497879188,3355.934780700807,27.760076239116582,157.52077406569285,47.33281268004982,0.00030091745873049244,1.248375,0.04837500000000006,0.6046875000000002,6410.25641025641,3,dct_smooth_regression,utterance_000000,0-0-2-0,group_0,u,1,3,упӑшка,"",0.08000000000000007,вӑйӑн-шайӑн,мар,#,p,n,p,initial
442.45710407563064,935.2817579216407,3378.0241679397786,443.6601322410528,960.0718694343547,3364.0651053800225,29.471738599408496,175.2559889881113,46.20596571474887,0.00030091745873049244,1.250375,0.05037500000000006,0.6296875000000002,6410.25641025641,3,dct_smooth_regression,utterance_000000,0-0-2-0,group_0,u,1,3,упӑшка,"",0.08000000000000007,вӑйӑн-шайӑн,мар,#,p,n,p,initial
443.1228973907499,935.3338547884367,3383.0698105387773,442.22013701612696,960.1810720270062,3371.93130736994,32.3540426519889,186.34577231435125,47.2555706078434,0.00030091745873049244,1.252375,0.05237500000000006,0.6546875000000002,6410.25641025641,3,dct_smooth_regression,utterance_000000,0-0-2-0,group_0,u,1,3,упӑшка,"",0.08000000000000007,вӑйӑн-шайӑн,мар,#,p,n,p,initial
442.20391526414534,946.5731738239552,3383.3248577085833,439.7427932929804,962.9751871598219,3378.9834909598185,36.04290577101021,190.79613109280444,49.9246035031608,0.00030091745873049244,1.254375,0.05437500000000006,0.6796875000000002,6410.25641025641,3,dct_smooth_regression,utterance_000000,0-0-2-0,group_0,u,1,3,упӑшка,"",0.08000000000000007,вӑйӑн-шайӑн,мар,#,p,n,p,initial
439.5074981874511,967.5418927277468,3381.201295510237,436.90407085332146,967.0062284077914,3384.73647501131,39.95109579800589,190.56529514850646,53.422270466410815,0.00030091745873049244,1.256375,0.056375000000000064,0.7046875000000002,6410.25641025641,3,dct_smooth_regression,utterance_000000,0-0-2-0,group_0,u,1,3,упӑшка,"",0.08000000000000007,вӑйӑн-шайӑн,мар,#,p,n,p,initial
435.56262125521874,989.2128070155088,3379.7030415007803,434.4613999901609,970.758295208806,3388.800096280323,43.28146484306017,188.39914562231442,56.71069674951355,0.00030091745873049244,1.258375,0.058375000000000066,0.7296875000000002,6410.25641025641,3,dct_smooth_regression,utterance_000000,0-0-2-0,group_0,u,1,3,упӑшка,"",0.08000000000000007,вӑйӑн-шайӑн,мар,#,p,n,p,initial
430.86268000962883,999.7291134864961,3382.669715917946,433.0569847570684,972.9847703089746,3390.901865921348,45.213536761955204,186.6637172376021,58.711408249971704,0.00030091745873049244,1.260375,0.06037500000000007,0.7546875000000002,6410.25641025641,3,dct_smooth_regression,utterance_000000,0-0-2-0,group_0,u,1,3,упӑшка,"",0.08000000000000007,вӑйӑн-шайӑн,мар,#,p,n,p,initial
745.9840497448928,1703.692671410095,3332.6132146506666,763.6878690309903,1724.688709249628,3351.7027128465825,340.40623155171875,91.75839176760121,308.72600514619677,0.0008768491539300771,0.906375,0.0063750000000000195,0.053125000000000165,6410.25641025641,3,dct_smooth_regression,utterance_000000,0-0-1-6,group_0,AH,1,3,вӑйӑн-шайӑн,"",0.12,<eps>,упӑшка,ʃ,j,ʃ,j,internal
770.4376813112261,1700.636310965613,3297.170637396545,763.4475796852211,1721.1778183903846,3335.3119657183374,333.284140226661,93.31753878703775,316.4687744317601,0.0008768491539300771,0.908375,0.008375000000000021,0.06979166666666685,6410.25641025641,3,dct_smooth_regression,utterance_000000,0-0-1-6,group_0,AH,1,3,вӑйӑн-шайӑн,"",0.12,<eps>,упӑшка,ʃ,j,ʃ,j,internal
786.6099436472435,1700.0557908618152,3274.9317412478317,763.0001015912313,1714.349828851319,3303.3030374776536,319.7765373954663,96.44064921359336,332.0699878313449,0.0008768491539300771,0.910375,0.010375000000000023,0.08645833333333353,6410.25641025641,3,dct_smooth_regression,utterance_000000,0-0-1-6,group_0,AH,1,3,вӑйӑн-шайӑн,"",0.12,<eps>,упӑшка,ʃ,j,ʃ,j,internal
787.9246434067134,1700.8613883949258,3272.7223336748425,762.4098054745413,1704.5805357828438,3257.1767665281013,301.20792963068146,101.12956834667267,355.69039913389736,0.0008768491539300771,0.912375,0.012375000000000025,0.10312500000000022,6410.25641025641,3,dct_smooth_regression,utterance_000000,0-0-1-6,group_0,AH,1,3,вӑйӑн-шайӑн,"",0.12,<eps>,упӑшка,ʃ,j,ʃ,j,internal
776.6826076298189,1701.916911318092,3283.275706613337,761.7687624070775,1692.4049369916604,3199.07644411194,279.2411283322454,107.36781996808817,387.3909986663202,0.0008768491539300771,0.914375,0.014375000000000027,0.1197916666666669,6410.25641025641,3,dct_smooth_regression,utterance_000000,0-0-1-6,group_0,AH,1,3,вӑйӑн-шайӑн,"",0.12,<eps>,упӑшка,ʃ,j,ʃ,j,internal
763.1958925993134,1699.5061086417725,3300.5940927498405,761.1916123978611,1678.4849250709194,3131.665824133122,255.60055218066134,115.09853152524326,426.91354055428036,0.0008768491539300771,0.916375,0.01637500000000003,0.13645833333333357,6410.25641025641,3,dct_smooth_regression,utterance_000000,0-0-1-6,group_0,AH,1,3,вӑйӑн-шайӑн,"",0.12,<eps>,упӑшка,ʃ,j,ʃ,j,internal
753.8856318752329,1688.0218111803429,3159.416199322512,760.8091265548137,1663.5695992535568,3057.9785569576748,231.83820753154797,124.19775812320094,473.4023698569771,0.0008768491539300771,0.9183749999999999,0.01837499999999992,0.15312499999999934,6410.25641025641,3,dct_smooth_regression,utterance_000000,0-0-1-6,group_0,AH,1,3,вӑйӑн-шайӑн,"",0.12,<eps>,упӑшка,ʃ,j,ʃ,j,internal
749.5433916572562,1670.2829411638475,2952.4355260957877,760.7607826233926,1648.4508041287104,2981.2483878136773,209.1847772205117,134.44730878014005,525.1154015262325,0.0008768491539300771,0.9203749999999999,0.02037499999999992,0.169791666666666,6410.25641025641,3,dct_smooth_regression,utterance_000000,0-0-1-6,group_0,AH,1,3,вӑйӑн-шайӑн,"",0.12,<eps>,упӑшка,ʃ,j,ʃ,j,internal
746.4366483653496,1650.576838273542,2851.6139193734552,761.1867222039141,1633.9168060064412,2904.730600854849,188.4940173604371,145.51345160131973,579.2134101678885,0.0008768491539300771,0.922375,0.022374999999999923,0.1864583333333327,6410.25641025641,3,dct_smooth_regression,utterance_000000,0-0-1-6,group_0,AH,1,3,вӑйӑн-шайӑн,"",0.12,<eps>,упӑшка,ʃ,j,ʃ,j,internal
743.6505122796865,1630.6057640335964,2757.872583689107,762.2194879924343,1620.7071247880992,2831.5256526915255,170.2622986773247,156.93951932965544,631.7477912716555,0.0008768491539300771,0.924375,0.024374999999999925,0.2031249999999994,6410.25641025641,3,dct_smooth_regression,utterance_000000,0-0-1-6,group_0,AH,1,3,вӑйӑн-шайӑн,"",0.12,<eps>,упӑшка,ʃ,j,ʃ,j,internal
743.3213839243056,1611.725804095403,2651.297706244808,763.9759496165954,1609.4714427188558,2764.4156969728615,154.69326008201566,168.1601765656891,677.9571740849555,0.0008768491539300771,0.926375,0.026374999999999926,0.21979166666666608,6410.25641025641,3,dct_smooth_regression,utterance_000000,0-0-1-6,group_0,AH,1,3,вӑйӑн-шайӑн,"",0.12,<eps>,упӑшка,ʃ,j,ʃ,j,internal
747.3366859302848,1593.6818538880777,2579.39714768746,766.5498167264543,1600.735218233912,2705.7237737441333,141.7785927749852,178.54185485036564,712.9078211878797,0.0008768491539300771,0.928375,0.028374999999999928,0.23645833333333274,6410.25641025641,3,dct_smooth_regression,utterance_000000,0-0-1-6,group_0,AH,1,3,вӑйӑн-шайӑн,"",0.12,<eps>,упӑшка,ʃ,j,ʃ,j,internal
755.6948299602278,1578.9336563349168,2554.831817960581,770.0051086757136,1594.8741635057982,2657.20388828785,131.3742083227718,187.4475156875765,732.3785652178342,0.0008768491539300771,0.930375,0.03037499999999993,0.25312499999999943,6410.25641025641,3,dct_smooth_regression,utterance_000000,0-0-1-6,group_0,AH,1,3,вӑйӑн-шайӑн,"",0.12,<eps>,упӑшка,ʃ,j,ʃ,j,internal
766.6314361973954,1570.5027483407857,2559.4933082204884,774.3709031077373,1592.0991304942188,2619.968139205442,123.26078706860365,194.3159820001157,733.7526751225597,0.0008768491539300771,0.932375,0.03237499999999993,0.2697916666666661,6410.25641025641,3,dct_smooth_regression,utterance_000000,0-0-1-6,group_0,AH,1,3,вӑйӑн-шайӑн,"",0.12,<eps>,упӑшка,ʃ,j,ʃ,j,internal
779.8102881563194,1571.4574424302089,2579.0842545601413,779.6376236438117,1592.4522343204123,2594.4546134106,117.18551800455738,198.73954343607753,716.6193857984948,0.0008768491539300771,0.934375,0.03437499999999993,0.2864583333333328,6410.25641025641,3,dct_smooth_regression,utterance_000000,0-0-1-6,group_0,AH,1,3,вӑйӑн-шайӑн,"",0.12,<eps>,упӑшка,ʃ,j,ʃ,j,internal
793.5412787364832,1583.7375218621028,2605.1412462896155,785.755052986892,1595.8142735857862,2580.437109494836,112.88666304470539,200.52155804894025,682.8630717937034,0.0008768491539300771,0.936375,0.036374999999999935,0.3031249999999995,6410.25641025641,3,dct_smooth_regression,utterance_000000,0-0-1-6,group_0,AH,1,3,вӑйӑн-шайӑн,"",0.12,<eps>,упӑшка,ʃ,j,ʃ,j,internal
805.8123087900237,1601.6688618468354,2633.937757053353,792.6321759662686,1601.9227373631406,2577.0750568312524,110.10482509995815,199.69994297065628,636.2065891011538,0.0008768491539300771,0.938375,0.03837499999999994,0.31979166666666614,6410.25641025641,3,dct_smooth_regression,utterance_000000,0-0-1-6,group_0,AH,1,3,вӑйӑн-шайӑн,"",0.12,<eps>,упӑшка,ʃ,j,ʃ,j,internal
817.2873344107811,1620.5691063997626,2666.9415553560543,800.1388715373188,1610.398970540308,2582.999443450869,108.5854045534725,196.53162191014312,581.3806919408529,0.0008768491539300771,0.940375,0.04037499999999994,0.33645833333333286,6410.25641025641,3,dct_smooth_regression,utterance_000000,0-0-1-6,group_0,AH,1,3,вӑйӑн-шайӑн,"",0.12,<eps>,упӑшка,ʃ,j,ʃ,j,internal
827.2988210826122,1635.9274796879138,2697.9015022985845,808.1093877813236,1620.7824519381863,2596.4283183318357,108.0765262249367,191.44364104373008,523.2061984864127,0.0008768491539300771,0.942375,0.04237499999999994,0.3531249999999995,6410.25641025641,3,dct_smooth_regression,utterance_000000,0-0-1-6,group_0,AH,1,3,вӑйӑн-шайӑн,"",0.12,<eps>,упӑшка,ʃ,j,ʃ,j,internal
835.6726635120444,1647.6252834361248,2723.5523444446735,816.3474536445908,1632.5696651826352,2615.3036388559585,108.32619751219526,184.96465881242312,465.85397532078997,0.0008768491539300771,0.944375,0.04437499999999994,0.3697916666666662,6410.25641025641,3,dct_smooth_regression,utterance_000000,0-0-1-6,group_0,AH,1,3,вӑйӑн-шайӑн,"",0.12,<eps>,упӑшка,ʃ,j,ʃ,j,internal
840.9427402902867,1655.6384774046312,2733.3169617772214,824.6328092757054,1645.2547429183007,2637.440006141101,109.0817634817238,177.65325137392537,412.4268316163439,0.0008768491539300771,0.946375,0.046374999999999944,0.3864583333333329,6410.25641025641,3,dct_smooth_regression,utterance_000000,0-0-1-6,group_0,AH,1,3,вӑйӑн-шайӑн,"",0.12,<eps>,упӑшка,ʃ,j,ʃ,j,internal
843.2484046051761,1660.8717301085717,2724.0953715837763,832.7288765787946,1658.368960861009,2660.6752453519025,110.09378629090773,170.03690860496644,364.86696602171,0.0008768491539300771,0.948375,0.048374999999999946,0.40312499999999957,6410.25641025641,3,dct_smooth_regression,utterance_000000,0-0-1-6,group_0,AH,1,3,вӑйӑн-шайӑн,"",0.12,<eps>,упӑшка,ʃ,j,ʃ,j,internal
844.1988573890354,1665.2878763009799,2702.1357190359477,840.3912455139356,1671.5162562758273,2683.012876940946,111.12519110968078,162.56977417283443,324.0978280223695,0.0008768491539300771,0.950375,0.05037499999999995,0.4197916666666663,6410.25641025641,3,dct_smooth_regression,utterance_000000,0-0-1-6,group_0,AH,1,3,вӑйӑн-шайӑн,"",0.12,<eps>,упӑшка,ʃ,j,ʃ,j,internal
845.2759965714745,1671.8039311322543,2679.6241766976323,847.3766214516697,1684.4022387870064,2702.747274618903,111.96493027085214,155.6108408017855,290.2805426274326,0.0008768491539300771,0.952375,0.05237499999999995,0.43645833333333295,6410.25641025641,3,dct_smooth_regression,utterance_000000,0-0-1-6,group_0,AH,1,3,вӑйӑн-шайӑн,"",0.12,<eps>,упӑшка,ʃ,j,ʃ,j,internal
847.0952514420842,1683.414703266781,2666.01491721886,853.4518653713567,1696.8546296615377,2718.5636589483643,112.44381112873316,149.41953064844682,263.0855229986938,0.0008768491539300771,0.954375,0.05437499999999995,0.4531249999999996,6410.25641025641,3,dct_smooth_regression,utterance_000000,0-0-1-6,group_0,AH,1,3,вӑйӑн-шайӑн,"",0.12,<eps>,упӑшка,ʃ,j,ʃ,j,internal
849.5514242610258,1701.506756041385,2662.0716630214233,858.4027618564741,1708.8336765761132,2729.606933942189,112.44900277838222,144.16320412753302,241.92003300029853,0.0008768491539300771,0.956375,0.05637499999999995,0.46979166666666633,6410.25641025641,3,dct_smooth_regression,utterance_000000,0-0-1-6,group_0,AH,1,3,вӑйӑн-шайӑн,"",0.12,<eps>,упӑшка,ʃ,j,ʃ,j,internal
851.8306811754603,1721.259305999366,2664.5708187175346,862.0421688294937,1720.4318023272833,2735.5156068188294,111.9335670944939,139.93089821614663,226.0895076928401,0.0008768491539300771,0.958375,0.058374999999999955,0.486458333333333,6410.25641025641,3,dct_smooth_regression,utterance_000000,0-0-1-6,group_0,AH,1,3,вӑйӑн-шайӑн,"",0.12,<eps>,упӑшка,ʃ,j,ʃ,j,internal
853.2046593064234,1736.9562821516063,2668.7897855566575,864.2172361896318,1731.862509030627,2736.419482863142,110.9183476426119,136.7487035367486,214.89457926398038,0.0008768491539300771,0.960375,0.060374999999999956,0.5031249999999997,6410.25641025641,3,dct_smooth_regression,utterance_000000,0-0-1-6,group_0,AH,1,3,вӑйӑн-шайӑн,"",0.12,<eps>,упӑшка,ʃ,j,ʃ,j,internal
853.3356584616138,1748.859306869161,2672.9190838760396,864.8154257580545,1743.4393215783475,2732.9023294241933,109.48542874232699,134.593821172494,207.67700660108505,0.0008768491539300771,0.962375,0.06237499999999996,0.5197916666666663,6410.25641025641,3,dct_smooth_regression,utterance_000000,0-0-1-6,group_0,AH,1,3,вӑйӑн-шайӑн,"",0.12,<eps>,упӑшка,ʃ,j,ʃ,j,internal
851.8708607856029,1758.7225145306886,2676.8339896334587,863.769119524594,1755.5462630206337,2725.93308478205,107.76448353052993,133.40591199952672,203.83034964579167,0.0008768491539300771,0.964375,0.06437499999999996,0.536458333333333,6410.25641025641,3,dct_smooth_regression,utterance_000000,0-0-1-6,group_0,AH,1,3,вӑйӑн-шайӑн,"",0.12,<eps>,упӑшка,ʃ,j,ʃ,j,internal
849.0537514230817,1769.1403960077416,2681.788222622621,861.0586641645915,1768.6019612571451,2716.7712879484225,105.9149070120288,133.0955730730991,202.7897790458806,0.0008768491539300771,0.966375,0.06637499999999996,0.5531249999999998,6410.25641025641,3,dct_smooth_regression,utterance_000000,0-0-1-6,group_0,AH,1,3,вӑйӑн-шайӑн,"",0.12,<eps>,упӑшка,ʃ,j,ʃ,j,internal
845.2389645230139,1782.866802587983,2689.370684427987,856.7137640780787,1783.0199490804994,2706.854084032764,104.10718238217454,133.55057085548543,204.01288453002252,0.0008768491539300771,0.968375,0.06837499999999996,0.5697916666666664,6410.25641025641,3,dct_smooth_regression,utterance_000000,0-0-1-6,group_0,AH,1,3,вӑйӑн-шайӑн,"",0.12,<eps>,упӑшка,ʃ,j,ʃ,j,internal
841.4374461685039,1799.5742963758987,2698.549459168675,850.8131997799883,1799.168006135356,2697.6733062377857,102.50641969021665,134.64086015281248,206.9610574034939,0.0008768491539300771,0.970375,0.07037499999999997,0.5864583333333331,6410.25641025641,3,dct_smooth_regression,utterance_000000,0-0-1-6,group_0,AH,1,3,вӑйӑн-шайӑн,"",0.12,<eps>,упӑшка,ʃ,j,ʃ,j,internal
837.9543013144721,1820.5269476545452,2709.3694447865555,843.482910540746,1817.3294816947962,2690.651676858101,101.25979978181724,136.223480523781,211.08902916389792,0.0008768491539300771,0.972375,0.07237499999999997,0.6031249999999998,6410.25641025641,3,dct_smooth_regression,utterance_000000,0-0-1-6,group_0,AH,1,3,вӑйӑн-шайӑн,"",0.12,<eps>,упӑшка,ʃ,j,ʃ,j,internal
835.2516790270039,1844.4971463567417,2722.1989220496775,834.8925372934515,1837.6694246565228,2687.0270749951565,100.4882839970602,138.14820750317503,215.84785830385115,0.0008768491539300771,0.974375,0.07437499999999997,0.6197916666666664,6410.25641025641,3,dct_smooth_regression,utterance_000000,0-0-1-6,group_0,AH,1,3,вӑйӑн-шайӑн,"",0.12,<eps>,упӑшка,ʃ,j,ʃ,j,internal
832.9883920898069,1869.5875226202008,2736.07195442176,825.2505719917325,1860.2080390318079,2687.7531012188824,100.28185988956882,140.2644076216983,220.70346446417915,0.0008768491539300771,0.976375,0.07637499999999997,0.6364583333333331,6410.25641025641,3,dct_smooth_regression,utterance_000000,0-0-1-6,group_0,AH,1,3,вӑйӑн-шайӑн,"",0.12,<eps>,упӑшка,ʃ,j,ʃ,j,internal
829.4529762755852,1895.9899001259992,2749.1756038269164,814.7983013452183,1884.803500026883,2693.4228850795903,100.69701808704241,142.4289918772378,225.16865164837787,0.0008768491539300771,0.978375,0.07837499999999997,0.6531249999999998,6410.25641025641,3,dct_smooth_regression,utterance_000000,0-0-1-6,group_0,AH,1,3,вӑйӑн-шайӑн,"",0.12,<eps>,упӑшка,ʃ,j,ʃ,j,internal
822.5805569548833,1920.215867779593,2759.31432848367,803.8027652491918,1911.1455401732867,2704.221324912483,101.75511601147976,144.51480552901336,228.8422258945532,0.0008768491539300771,0.980375,0.08037499999999997,0.6697916666666665,6410.25641025641,3,dct_smooth_regression,utterance_000000,0-0-1-6,group_0,AH,1,3,вӑйӑн-шайӑн,"",0.12,<eps>,упӑшка,ʃ,j,ʃ,j,internal
811.922018043415,1940.691278062424,2767.669418445044,792.5489728727434,1938.7604892001243,2719.908847484612,103.44067191171669,146.41837750832087,231.44574905774672,0.0008768491539300771,0.982375,0.08237499999999998,0.6864583333333332,6410.25641025641,3,dct_smooth_regression,utterance_000000,0-0-1-6,group_0,AH,1,3,вӑйӑн-шайӑн,"",0.12,<eps>,упӑшка,ʃ,j,ʃ,j,internal
797.7779951831807,1960.3275104098013,2776.565974121695,781.3316323848774,1967.0276747042403,2739.8374774962554,105.69929527749736,148.06580586491086,232.84809660725594,0.0008768491539300771,0.984375,0.08437499999999998,0.7031249999999999,6410.25641025641,3,dct_smooth_regression,utterance_000000,0-0-1-6,group_0,AH,1,3,вӑйӑн-шайӑн,"",0.12,<eps>,упӑшка,ʃ,j,ʃ,j,internal
782.5043894968292,1979.474561525181,2784.665161442373,770.446654217542,1995.2063159585518,2762.997676171208,108.43574318883084,149.41573376661245,233.0708071241448,0.0008768491539300771,0.986375,0.08637499999999998,0.7197916666666665,6410.25641025641,3,dct_smooth_regression,utterance_000000,0-0-1-6,group_0,AH,1,3,вӑйӑн-шайӑн,"",0.12,<eps>,упӑшка,ʃ,j,ʃ,j,internal
768.0555737746315,1997.5337809636114,2789.7103490822496,760.1826834623514,2022.4713231527678,2788.09220788631,111.51333534520681,150.45883203583,232.2723380171004,0.0008768491539300771,0.988375,0.08837499999999998,0.7364583333333332,6410.25641025641,3,dct_smooth_regression,utterance_000000,0-0-1-6,group_0,AH,1,3,вӑйӑн-шайӑн,"",0.12,<eps>,упӑшка,ʃ,j,ʃ,j,internal
754.1580842276887,2017.3751078641335,2794.566904116659,750.8129055808159,2047.9557980951345,2813.631377714059,114.7564711702508,151.2138172489961,230.71482730834975,0.0008768491539300771,0.990375,0.09037499999999998,0.7531249999999999,6410.25641025641,3,dct_smooth_regression,utterance_000000,0-0-1-6,group_0,AH,1,3,вӑйӑн-шайӑн,"",0.12,<eps>,упӑшка,ʃ,j,ʃ,j,internal
742.1869039868304,2042.4922965976518,2805.589189215822,742.5873523086652,2070.7975620451066,2838.0424839633497,117.958046943349,151.7206252917557,228.72077262653283,0.0008768491539300771,0.992375,0.09237499999999998,0.7697916666666665,6410.25641025641,3,dct_smooth_regression,utterance_000000,0-0-1-6,group_0,AH,1,3,вӑйӑн-шайӑн,"",0.12,<eps>,упӑшка,ʃ,j,ʃ,j,internal
732.4628139340218,2074.2550385192935,2823.9565001111187,735.7259127081198,2090.1867441650566,2859.7853515882725,120.89297234839812,152.03177864542675,226.6280562353034,0.0008768491539300771,0.994375,0.09437499999999999,0.7864583333333333,6410.25641025641,3,dct_smooth_regression,utterance_000000,0-0-1-6,group_0,AH,1,3,вӑйӑн-шайӑн,"",0.12,<eps>,упӑшка,ʃ,j,ʃ,j,internal
722.7796937866065,2111.1658490644,2846.2541975805784,730.4122289544149,2105.4113702856084,2877.465421111119,123.33768124104104,152.20315562479016,224.75016328117027,0.0008768491539300771,0.996375,0.09637499999999999,0.803125,6410.25641025641,3,dct_smooth_regression,utterance_000000,0-0-1-6,group_0,AH,1,3,вӑйӑн-шайӑн,"",0.12,<eps>,упӑшка,ʃ,j,ʃ,j,internal
712.3882210011179,2143.5957884016507,2867.7585914812857,726.7886286810634,2115.8980030434427,2889.9360885169276,125.09373839939025,152.28530404423896,223.34542817133203,0.0008768491539300771,0.998375,0.09837499999999999,0.8197916666666667,6410.25641025641,3,dct_smooth_regression,utterance_000000,0-0-1-6,group_0,AH,1,3,вӑйӑн-шайӑн,"",0.12,<eps>,упӑшка,ʃ,j,ʃ,j,internal
700.9278973059605,2171.250484683871,2893.828619793132,724.9522164105346,2121.244793832079,2896.3828064600375,126.01188974454047,152.31621845189864,222.5961144726575,0.0008768491539300771,1.000375,0.10037499999999999,0.8364583333333333,6410.25641025641,3,dct_smooth_regression,utterance_000000,0-0-1-6,group_0,AH,1,3,вӑйӑн-шайӑн,"",0.12,<eps>,упӑшка,ʃ,j,ʃ,j,internal
773.6269536024666,1575.1431851133893,2813.2873910490453,767.1591560831066,1572.0954863205013,2816.7976338793273,207.30385914173362,192.58515934580308,173.63937885300263,0.000079448260279401,1.536375,0.0063750000000000195,0.07968750000000017,6410.25641025641,3,dct_smooth_regression,utterance_000000,0-0-2-5,group_0,AH,1,3,упӑшка,"",0.08000000000000007,вӑйӑн-шайӑн,мар,k,#,k,m,final
771.0515223459882,1574.9030240439618,2806.8191593031597,767.4290355108743,1570.748078966112,2812.52516310011,203.78774032887188,188.96564535584943,174.03141421505777,0.000079448260279401,1.538375,0.008375000000000021,0.10468750000000018,6410.25641025641,3,dct_smooth_regression,utterance_000000,0-0-2-5,group_0,AH,1,3,упӑшка,"",0.08000000000000007,вӑйӑн-шайӑн,мар,k,#,k,m,final
767.0435071959499,1568.7128349579514,2801.1487379659256,768.0001614081704,1568.0654996966173,2804.5488621462505,197.5824800271447,182.3936267119881,174.72959945760516,0.000079448260279401,1.540375,0.010375000000000023,0.12968750000000018,6410.25641025641,3,dct_smooth_regression,utterance_000000,0-0-2-5,group_0,AH,1,3,упӑшка,"",0.08000000000000007,вӑйӑн-шайӑн,мар,k,#,k,m,final
764.1301299389205,1560.3913373656753,2794.247597244241,768.9339867734343,1564.0850763526155,2793.9165850453774,190.06593627910235,173.9786920408515,175.57455897828694,0.000079448260279401,1.542375,0.012375000000000025,0.15468750000000017,6410.25641025641,3,dct_smooth_regression,utterance_000000,0-0-2-5,group_0,AH,1,3,упӑшка,"",0.08000000000000007,вӑйӑн-шайӑн,мар,k,#,k,m,final
764.6665618989896,1554.7736553459672,2785.7534565210335,770.3184147113659,1558.8906547307695,2781.9924139484665,182.76604175825136,164.94021979088862,176.3577136033585,0.000079448260279401,1.544375,0.014375000000000027,0.17968750000000017,6410.25641025641,3,dct_smooth_regression,utterance_000000,0-0-2-5,group_0,AH,1,3,упӑшка,"",0.08000000000000007,вӑйӑн-шайӑн,мар,k,#,k,m,final
768.6959873538409,1550.8251751586936,2776.3232310248864,772.2600615204036,1552.6350709295164,2770.24887494154,177.017912745882,156.31224047972077,176.85555625634393,0.000079448260279401,1.546375,0.01637500000000003,0.2046875000000002,6410.25641025641,3,dct_smooth_regression,utterance_000000,0-0-2-5,group_0,AH,1,3,упӑшка,"",0.08000000000000007,вӑйӑн-шайӑн,мар,k,#,k,m,final
774.0926611490981,1544.773076247834,2767.4784095282134,774.8706993661463,1545.5547924951168,2760.050620350623,173.7730980219471,148.7727805750095,176.8695331423586,0.000079448260279401,1.548375,0.01837500000000003,0.22968750000000018,6410.25641025641,3,dct_smooth_regression,utterance_000000,0-0-2-5,group_0,AH,1,3,упӑшка,"",0.08000000000000007,вӑйӑн-шайӑн,мар,k,#,k,m,final
779.092240054977,1536.5646662442193,2759.7536269550383,778.2470020703203,1537.9687772443262,2752.4665955693863,173.54254292474155,142.6021892173105,176.26444237467524,0.000079448260279401,1.550375,0.020375000000000032,0.2546875000000002,6410.25641025641,3,dct_smooth_regression,utterance_000000,0-0-2-5,group_0,AH,1,3,упӑшка,"",0.08000000000000007,вӑйӑн-шайӑн,мар,k,#,k,m,final
784.0695841666812,1528.63572589264,2752.770318656058,782.4442722156977,1530.25670158582,2748.1416336796115,176.39834166295472,137.72886488309786,174.9969335499658,0.000079448260279401,1.552375,0.022375000000000034,0.2796875000000002,6410.25641025641,3,dct_smooth_regression,utterance_000000,0-0-2-5,group_0,AH,1,3,упӑшка,"",0.08000000000000007,вӑйӑн-шайӑн,мар,k,#,k,m,final
789.1585827066029,1522.9090388206232,2747.260984356038,787.446781725128,1522.8163815825387,2747.246748414832,181.97174163960423,133.82099251589145,173.12710945429555,0.000079448260279401,1.554375,0.024375000000000036,0.30468750000000017,6410.25641025641,3,dct_smooth_regression,utterance_000000,0-0-2-5,group_0,AH,1,3,упӑшка,"",0.08000000000000007,вӑйӑн-шайӑн,мар,k,#,k,m,final
794.3735294680952,1518.5582924758967,2743.775864320656,793.1392518076168,1516.005460903207,2749.5124128482857,189.43754575853657,130.40414549192604,170.81046084670794,0.000079448260279401,1.556375,0.026375000000000037,0.3296875000000002,6410.25641025641,3,dct_smooth_regression,utterance_000000,0-0-2-5,group_0,AH,1,3,упӑшка,"",0.08000000000000007,вӑйӑн-шайӑн,мар,k,#,k,m,final
800.4062237005157,1513.9738292526426,2743.566218006593,799.2853236492455,1510.0771026820353,2754.3337135343727,197.53371741315806,126.99814052387241,168.2728371577528,0.000079448260279401,1.558375,0.02837500000000004,0.3546875000000002,6410.25641025641,3,dct_smooth_regression,utterance_000000,0-0-2-5,group_0,AH,1,3,упӑшка,"",0.08000000000000007,вӑйӑн-шайӑн,мар,k,#,k,m,final
806.8660853612993,1508.5680366601625,2748.937205034621,805.5191872379978,1505.12239659383,2760.9233968145454,204.69576460694972,123.25954654472642,165.7754908345903,0.000079448260279401,1.560375,0.03037500000000004,0.3796875000000002,6410.25641025641,3,dct_smooth_regression,utterance_000000,0-0-2-5,group_0,AH,1,3,упӑшка,"",0.08000000000000007,вӑйӑн-шайӑн,мар,k,#,k,m,final
812.6879581503847,1502.7533490990734,2759.7898547493564,811.3555754999104,1501.032682525407,2768.4808878995436,209.35439527682834,119.09738734441345,163.57868801357645,0.000079448260279401,1.562375,0.03237500000000004,0.4046875000000002,6410.25641025641,3,dct_smooth_regression,utterance_000000,0-0-2-5,group_0,AH,1,3,упӑшка,"",0.08000000000000007,вӑйӑн-шайӑн,мар,k,#,k,m,final
817.3482119467247,1497.0877057591542,2774.548714617072,816.2210786228763,1497.4926883695057,2776.343786502229,210.34458760412255,114.72218434185257,161.91081385177162,0.000079448260279401,1.564375,0.034375000000000044,0.42968750000000017,6410.25641025641,3,dct_smooth_regression,utterance_000000,0-0-2-5,group_0,AH,1,3,упӑшка,"",0.08000000000000007,вӑйӑн-шайӑн,мар,k,#,k,m,final
819.6390077740837,1492.586168517876,2788.798260115104,819.5064514036906,1494.0105434642117,2784.0932914878003,207.26210986544783,110.609993144617,160.94661409566186,0.000079448260279401,1.566375,0.036375000000000046,0.4546875000000002,6410.25641025641,3,dct_smooth_regression,utterance_000000,0-0-2-5,group_0,AH,1,3,упӑшка,"",0.08000000000000007,вӑйӑн-шайӑн,мар,k,#,k,m,final
819.2555963372527,1488.2155394218128,2801.6884464603227,820.6357853156275,1489.9841647843464,2791.595373300882,200.58248097271803,107.40404036927568,160.7949451827961,0.000079448260279401,1.568375,0.03837500000000005,0.4796875000000002,6410.25641025641,3,dct_smooth_regression,utterance_000000,0-0-2-5,group_0,AH,1,3,упӑшка,"",0.08000000000000007,вӑйӑн-шайӑн,мар,k,#,k,m,final
816.1362319394617,1482.6900246130404,2812.3048877569277,819.144771893822,1484.796424521933,2798.973146579001,191.47414747194614,105.8052507809441,161.4943570733038,0.000079448260279401,1.570375,0.04037500000000005,0.5046875000000002,6410.25641025641,3,dct_smooth_regression,utterance_000000,0-0-2-5,group_0,AH,1,3,упӑшка,"",0.08000000000000007,вӑйӑн-шайӑн,мар,k,#,k,m,final
810.9470232163742,1475.2694856058558,2819.7964790691913,814.757511496287,1477.925272995893,2806.5200384810933,181.40979667827193,106.49625395134032,163.01428961795546,0.000079448260279401,1.572375,0.04237500000000005,0.5296875000000002,6410.25641025641,3,dct_smooth_regression,utterance_000000,0-0-2-5,group_0,AH,1,3,упӑшка,"",0.08000000000000007,вӑйӑн-шайӑн,мар,k,#,k,m,final
803.71042675069,1465.3530247795607,2823.0102111490264,807.4500401098904,1469.0508918877124,2814.5751857919463,171.7683917336375,110.10812118337869,165.26019124302562,0.000079448260279401,1.574375,0.04437500000000005,0.5546875000000002,6410.25641025641,3,dct_smooth_regression,utterance_000000,0-0-2-5,group_0,AH,1,3,упӑшка,"",0.08000000000000007,вӑйӑн-шайӑн,мар,k,#,k,m,final
795.1625441698123,1454.228608791992,2822.2363345782655,797.4893489642021,1458.1409171958517,2823.3897104784446,163.57371450280854,117.19969522346243,168.08176088695112,0.000079448260279401,1.576375,0.046375000000000055,0.5796875000000002,6410.25641025641,3,dct_smooth_regression,utterance_000000,0-0-2-5,group_0,AH,1,3,упӑшка,"",0.08000000000000007,вӑйӑн-шайӑн,мар,k,#,k,m,final
786.2150688810793,1443.7674451225068,2821.678495517108,785.439231996749,1445.4971761309564,2833.013756661988,157.40209984891632,128.19446102172,171.2841655471866,0.000079448260279401,1.578375,0.04837500000000006,0.6046875000000002,6410.25641025641,3,dct_smooth_regression,utterance_000000,0-0-2-5,group_0,AH,1,3,упӑшка,"",0.08000000000000007,вӑйӑн-шайӑн,мар,k,#,k,m,final
776.3783336150597,1434.3132832757485,2825.1666044517547,772.1285368877576,1431.7529605932452,2843.229272891535,153.40868792078157,143.21755629584663,174.64219158828755,0.000079448260279401,1.580375,0.05037500000000006,0.6296875000000002,6410.25641025641,3,dct_smooth_regression,utterance_000000,0-0-2-5,group_0,AH,1,3,упӑшка,"",0.08000000000000007,вӑйӑн-шайӑн,мар,k,#,k,m,final
765.9735018226296,1426.4718516880732,2835.509220114535,758.5827168579551,1417.817730895102,2853.5435737408206,151.4048628264651,161.8080649471717,177.91687983002186,0.000079448260279401,1.582375,0.05237500000000006,0.6546875000000002,6410.25641025641,3,dct_smooth_regression,utterance_000000,0-0-2-5,group_0,AH,1,3,упӑшка,"",0.08000000000000007,вӑйӑн-шайӑн,мар,k,#,k,m,final
754.9951520533231,1418.7821618507683,2852.224251340173,745.925154153826,1404.7749615776474,2863.2457984408884,150.94762703446233,182.57077082593133,180.87355708013865,0.000079448260279401,1.584375,0.05437500000000006,0.6796875000000002,6410.25641025641,3,dct_smooth_regression,utterance_000000,0-0-2-5,group_0,AH,1,3,упӑшка,"",0.08000000000000007,вӑйӑн-шайӑн,мар,k,#,k,m,final
741.7310922089839,1407.0242374649304,2872.549783037191,735.2596340936192,1393.7470393435037,2871.5151622603876,151.4366098458787,202.9732973332427,183.29967977888523,0.000079448260279401,1.586375,0.056375000000000064,0.7046875000000002,6410.25641025641,3,dct_smooth_regression,utterance_000000,0-0-2-5,group_0,AH,1,3,упӑшка,"",0.08000000000000007,вӑйӑн-шайӑн,мар,k,#,k,m,final
725.7444434302687,1386.4718589430072,2889.597878050725,727.5487443710864,1385.747202690358,2877.559067120016,152.230551766006,219.5940178116148,185.02080942948692,0.000079448260279401,1.588375,0.058375000000000066,0.7296875000000002,6410.25641025641,3,dct_smooth_regression,utterance_000000,0-0-2-5,group_0,AH,1,3,упӑшка,"",0.08000000000000007,вӑйӑн-шайӑн,мар,k,#,k,m,final
706.8039911613375,1353.8868409747615,2899.5139794225865,723.5042366540874,1381.5413264291408,2880.7528944855635,152.784822889286,228.99920962421976,185.91336758722403,0.000079448260279401,1.590375,0.06037500000000007,0.7546875000000002,6410.25641025641,3,dct_smooth_regression,utterance_000000,0-0-2-5,group_0,AH,1,3,упӑшка,"",0.08000000000000007,вӑйӑн-шайӑн,мар,k,#,k,m,final
791.3688308922316,1438.0354714736588,2929.4623490841846,808.6562749444512,1448.8901633649439,2929.3519343632465,164.43257841173795,72.98226812419111,100.92684979435913,0.00012949750150662075,1.696375,0.0063750000000000195,0.053125000000000124,6410.25641025641,3,dct_smooth_regression,utterance_000000,0-0-3-1,group_0,AH,1,3,мар,"",0.1200000000000001,упӑшка,#,m,r,m,r,internal
803.4519673315843,1447.3727312413234,2929.395054349034,810.0932742608034,1449.9775720067485,2929.353314077127,166.19355768014708,73.91673472618581,101.21020601006073,0.00012949750150662075,1.698375,0.008375000000000021,0.0697916666666668,6410.25641025641,3,dct_smooth_regression,utterance_000000,0-0-3-1,group_0,AH,1,3,мар,"",0.1200000000000001,упӑшка,#,m,r,m,r,internal
813.0852105866884,1454.7954567888717,2926.24821054674,812.9237692008189,1452.1140049177066,2929.3235354678523,169.6753164383059,75.76820982900118,101.78529462794056,0.00012949750150662075,1.700375,0.010375000000000023,0.08645833333333346,6410.25641025641,3,dct_smooth_regression,utterance_000000,0-0-3-1,group_0,AH,1,3,мар,"",0.1200000000000001,упӑшка,#,m,r,m,r,internal
820.8919694381532,1461.0805433299392,2922.4668723245854,817.062732921076,1455.2253262082324,2929.2002472792433,174.79107213322138,78.49788937782554,102.66788139971524,0.00012949750150662075,1.702375,0.012375000000000025,0.10312500000000013,6410.25641025641,3,dct_smooth_regression,utterance_000000,0-0-3-1,group_0,AH,1,3,мар,"",0.1200000000000001,упӑшка,#,m,r,m,r,internal
827.1152201384178,1465.7707989227274,2921.951935798763,822.3874648511994,1459.2067238959646,2928.896526811573,181.3959294072252,82.03865791333388,103.8791889151332,0.00012949750150662075,1.704375,0.014375000000000027,0.1197916666666668,6410.25641025641,3,dct_smooth_regression,utterance_000000,0-0-3-1,group_0,AH,1,3,мар,"",0.1200000000000001,упӑшка,#,m,r,m,r,internal
832.8013785440327,1469.127252875573,2925.0198975644535,828.7430926221198,1463.9298608255522,2928.308238063022,189.27276758738307,86.286734737622,105.44308750000768,0.00012949750150662075,1.706375,0.01637500000000003,0.13645833333333346,6410.25641025641,3,dct_smooth_regression,utterance_000000,0-0-3-1,group_0,AH,1,3,мар,"",0.1200000000000001,упӑшка,#,m,r,m,r,internal
839.5501127712093,1472.3049699997835,2928.7771938487003,835.9494188387094,1469.2515832868814,2927.322942100329,198.11948255843086,91.09451913942608,107.38249296108508,0.00012949750150662075,1.708375,0.01837500000000003,0.15312500000000012,6410.25641025641,3,dct_smooth_regression,utterance_000000,0-0-3-1,group_0,AH,1,3,мар,"",0.1200000000000001,упӑшка,#,m,r,m,r,internal
847.09035165409,1475.608345588418,2929.958442396345,843.808732807184,1475.023555610969,2925.82967315646,207.5426445738207,96.26789489003005,109.71505903361836,0.00012949750150662075,1.710375,0.020375000000000032,0.1697916666666668,6410.25641025641,3,dct_smooth_regression,utterance_000000,0-0-3-1,group_0,AH,1,3,мар,"",0.1200000000000001,упӑшка,#,m,r,m,r,internal
855.577269927374,1479.4396365592054,2928.0648094853836,852.1141585339653,1481.1021200685059,2923.728821841569,217.0629737863515,101.57128049007363,112.44826673692674,0.00012949750150662075,1.712375,0.022375000000000034,0.18645833333333348,6410.25641025641,3,dct_smooth_regression,utterance_000000,0-0-3-1,group_0,AH,1,3,мар,"",0.1200000000000001,упӑшка,#,m,r,m,r,internal
864.263953483348,1483.6254918908478,2924.7278620149423,860.6580878199015,1487.3576624345592,2920.941350504172,226.1369644956489,106.74265914992327,115.57406318272358,0.00012949750150662075,1.714375,0.024375000000000036,0.20312500000000014,6410.25641025641,3,dct_smooth_regression,utterance_000000,0-0-3-1,group_0,AH,1,3,мар,"",0.1200000000000001,упӑшка,#,m,r,m,r,internal
872.7898714272219,1488.1282283783562,2922.325400583898,869.2402522484815,1493.6827961364618,2917.4166067340843,234.19611789441967,111.51854380288898,119.06331469951655,0.00012949750150662075,1.716375,0.026375000000000037,0.2197916666666668,6410.25641025641,3,dct_smooth_regression,utterance_000000,0-0-3-1,group_0,AH,1,3,мар,"",0.1200000000000001,упӑшка,#,m,r,m,r,internal
881.9819445964625,1493.8649375793802,2921.1255317646005,877.6750197090327,1499.9987598774128,2913.1380967095106,240.70081226905714,115.66575305854015,122.86052785662376,0.00012949750150662075,1.718375,0.02837500000000004,0.23645833333333346,6410.25641025641,3,dct_smooth_regression,utterance_000000,0-0-3-1,group_0,AH,1,3,мар,"",0.1200000000000001,упӑшка,#,m,r,m,r,internal
890.7469387178579,1501.1472653961116,2918.817295612606,885.7975574875658,1506.2595494542645,2908.126724083217,245.20094423641825,119.01403656928666,126.87954648418693,0.00012949750150662075,1.720375,0.03037500000000004,0.25312500000000016,6410.25641025641,3,dct_smooth_regression,utterance_000000,0-0-3-1,group_0,AH,1,3,мар,"",0.1200000000000001,упӑшка,#,m,r,m,r,internal
897.4736228390793,1509.554346670552,2912.545329909734,893.4685810239022,1512.4534654923875,2902.4411824139615,247.39186177474863,121.4822824980116,131.00120442552992,0.00012949750150662075,1.722375,0.03237500000000004,0.2697916666666668,6410.25641025641,3,dct_smooth_regression,utterance_000000,0-0-3-1,group_0,AH,1,3,мар,"",0.1200000000000001,упӑшка,#,m,r,m,r,internal
902.1968729672594,1519.1078819791744,2901.347534135093,900.5775000057831,1518.6019438249039,2896.1753970115383,247.1534836238302,123.09211848222279,135.07410892988713,0.00012949750150662075,1.724375,0.034375000000000044,0.2864583333333335,6410.25641025641,3,dct_smooth_regression,utterance_000000,0-0-3-1,group_0,AH,1,3,мар,"",0.1200000000000001,упӑшка,#,m,r,m,r,internal
905.2463869721387,1528.5630100628925,2887.7926411035855,907.0438754351907,1524.7557313320572,2889.453130787137,244.56361623925073,123.9660075526353,138.91971820494155,0.00012949750150662075,1.726375,0.036375000000000046,0.30312500000000014,6410.25641025641,3,dct_smooth_regression,utterance_000000,0-0-3-1,group_0,AH,1,3,мар,"",0.1200000000000001,упӑшка,#,m,r,m,r,internal
907.4528027492491,1536.8040020121425,2875.077769157671,912.8172060084121,1530.98866346738,2882.4200826942097,239.88257470155895,124.31120097281149,142.34252538603022,0.00012949750150662075,1.728375,0.03837500000000005,0.3197916666666668,6410.25641025641,3,dct_smooth_regression,utterance_000000,0-0-3-1,group_0,AH,1,3,мар,"",0.1200000000000001,упӑшка,#,m,r,m,r,internal
909.6044922884798,1543.9639944474666,2863.822906877963,917.8751628532058,1537.389476776234,2875.2340012051823,233.5132046926103,124.39444375073546,145.14539388530494,0.00012949750150662075,1.730375,0.04037500000000005,0.33645833333333347,6410.25641025641,3,dct_smooth_regression,utterance_000000,0-0-3-1,group_0,AH,1,3,мар,"",0.1200000000000001,упӑшка,#,m,r,m,r,internal
912.1031540083675,1549.854909380638,2855.4779280274884,922.2204819670238,1544.052237860779,2868.053494861726,225.9458306626541,124.51386513483672,147.14895944717753,0.00012949750150662075,1.732375,0.04237500000000005,0.35312500000000013,6410.25641025641,3,dct_smooth_regression,utterance_000000,0-0-3-1,group_0,AH,1,3,мар,"",0.1200000000000001,упӑшка,#,m,r,m,r,internal
915.9827245388377,1556.3515234700667,2849.380078150629,925.8767979710342,1551.0660788003631,2861.026335394631,217.69983313834814,124.97375557467227,148.212754671608,0.00012949750150662075,1.734375,0.04437500000000005,0.3697916666666668,6410.25641025641,3,dct_smooth_regression,utterance_000000,0-0-3-1,group_0,AH,1,3,мар,"",0.1200000000000001,упӑшка,#,m,r,m,r,internal
921.6506019747372,1563.9904364407728,2845.5061702697876,928.8837565399725,1558.5049900186834,2854.278107483178,209.27224328995496,126.06561113334823,148.25471221766844,0.00012949750150662075,1.736375,0.046375000000000055,0.3864583333333335,6410.25641025641,3,dct_smooth_regression,utterance_000000,0-0-3-1,group_0,AH,1,3,мар,"",0.1200000000000001,упӑшка,#,m,r,m,r,internal
928.267360234641,1571.1142914869756,2842.7324205441037,931.2917730110123,1566.4184302709482,2847.902057914931,201.10001428035218,128.05601482773827,147.26539260552173,0.00012949750150662075,1.738375,0.04837500000000006,0.4031250000000002,6410.25641025641,3,dct_smooth_regression,utterance_000000,0-0-3-1,group_0,AH,1,3,мар,"",0.1200000000000001,упӑшка,#,m,r,m,r,internal
935.0767543745711,1576.2338639768875,2839.3447211604193,933.1568097477033,1574.8234686736469,2841.9509348498923,193.5381670385558,131.1795605276887,145.3139407912809,0.00012949750150662075,1.740375,0.05037500000000006,0.41979166666666684,6410.25641025641,3,dct_smooth_regression,utterance_000000,0-0-3-1,group_0,AH,1,3,мар,"",0.1200000000000001,упӑшка,#,m,r,m,r,internal
939.9672233152701,1578.7095347585039,2834.6496423710423,934.5355250578094,1583.6990780796036,2836.4314884524974,186.8522833724528,135.6335884133215,142.54435891801222,0.00012949750150662075,1.742375,0.05237500000000006,0.4364583333333335,6410.25641025641,3,dct_smooth_regression,utterance_000000,0-0-3-1,group_0,AH,1,3,мар,"",0.1200000000000001,упӑшка,#,m,r,m,r,internal
941.8035230435231,1580.5706490194602,2830.0581933462804,935.4811037113669,1592.983058715034,2831.3021347316717,181.22161105664986,141.57105633222864,139.16277682385152,0.00012949750150662075,1.744375,0.05437500000000006,0.45312500000000017,6410.25641025641,3,dct_smooth_regression,utterance_000000,0-0-3-1,group_0,AH,1,3,мар,"",0.1200000000000001,упӑшка,#,m,r,m,r,internal
941.6321643829463,1584.8433928135446,2828.2397379217446,936.0400167619456,1602.5718950883575,2826.474075985172,176.74840701281803,149.08830448152557,135.4183573192741,0.00012949750150662075,1.746375,0.056375000000000064,0.46979166666666683,6410.25641025641,3,dct_smooth_regression,utterance_000000,0-0-3-1,group_0,AH,1,3,мар,"",0.1200000000000001,упӑшка,#,m,r,m,r,internal
941.210469344035,1593.5431904648779,2831.462962367947,936.2498810887942,1612.3236495228175,2821.815937581212,173.4696644261991,158.20571458738002,131.58167192404022,0.00012949750150662075,1.748375,0.058375000000000066,0.4864583333333335,6410.25641025641,3,dct_smooth_regression,utterance_000000,0-0-3-1,group_0,AH,1,3,мар,"",0.1200000000000001,упӑшка,#,m,r,m,r,internal
941.5039924721581,1607.1205647014942,2837.462171863457,936.138502434926,1622.0637857601162,2817.16173764568,171.36849596471637,168.84137776072473,127.92449908269396,0.00012949750150662075,1.750375,0.06037500000000007,0.5031250000000002,6410.25641025641,3,dct_smooth_regression,utterance_000000,0-0-3-1,group_0,AH,1,3,мар,"",0.1200000000000001,упӑшка,#,m,r,m,r,internal
941.772710984318,1626.8931564675001,2840.0921067737504,935.7240958476311,1631.5936102522808,2812.3217701301246,170.38371362677427,180.7809298645638,124.70411074280005,0.00012949750150662075,1.752375,0.06237500000000007,0.5197916666666669,6410.25641025641,3,dct_smooth_regression,utterance_000000,0-0-3-1,group_0,AH,1,3,мар,"",0.1200000000000001,упӑшка,#,m,r,m,r,internal
940.1743292589648,1650.2245045009154,2830.7725745461535,935.0165905888181,1640.70083116942,2807.09576901553,170.41726447961668,193.65045775176344,122.15362589352843,0.00012949750150662075,1.754375,0.06437500000000007,0.5364583333333335,6410.25641025641,3,dct_smooth_regression,utterance_000000,0-0-3-1,group_0,AH,1,3,мар,"",0.1200000000000001,упӑшка,#,m,r,m,r,internal
936.4758087154387,1670.3503689705894,2808.511940787701,934.0198487248148,1649.1715788419024,2801.2875469722235,171.34001337817756,206.90294601527725,120.47843046561476,0.00012949750150662075,1.756375,0.06637500000000007,0.5531250000000002,6410.25641025641,3,dct_smooth_regression,utterance_000000,0-0-3-1,group_0,AH,1,3,мар,"",0.1200000000000001,упӑшка,#,m,r,m,r,internal
932.5649571325623,1683.3397148245617,2781.5325845745983,932.734562974051,1656.8031173444099,2794.7201781411222,172.99686469481958,219.83044631473192,119.85739422528323,0.00012949750150662075,1.758375,0.06837500000000007,0.5697916666666668,6410.25641025641,3,dct_smooth_regression,utterance_000000,0-0-3-1,group_0,AH,1,3,мар,"",0.1200000000000001,упӑшка,#,m,r,m,r,internal
930.2660510313365,1687.5103317745727,2764.5155802947734,931.161554173373,1663.416413448299,2787.250731028616,175.21237997806307,231.61192616520773,120.44683794653581,0.00012949750150662075,1.760375,0.07037500000000008,0.5864583333333335,6410.25641025641,3,dct_smooth_regression,utterance_000000,0-0-3-1,group_0,AH,1,3,мар,"",0.1200000000000001,упӑшка,#,m,r,m,r,internal
927.4526339202422,1683.79380897776,2756.7849728879137,929.3051647723473,1668.8677210866988,2778.7835590732107,177.79788717544176,241.39921324902804,122.38488897646485,0.00012949750150662075,1.762375,0.07237500000000008,0.6031250000000001,6410.25641025641,3,dct_smooth_regression,utterance_000000,0-0-3-1,group_0,AH,1,3,мар,"",0.1200000000000001,упӑшка,#,m,r,m,r,internal
921.7626135603194,1673.8608544907306,2752.4199079192585,927.1764434156611,1673.0583879487588,2769.2812241653446,180.56062260452808,248.43141410908774,125.79386626938764,0.00012949750150662075,1.764375,0.07437500000000008,0.6197916666666669,6410.25641025641,3,dct_smooth_regression,utterance_000000,0-0-3-1,group_0,AH,1,3,мар,"",0.1200000000000001,упӑшка,#,m,r,m,r,internal
914.8322274683392,1664.1970303440623,2747.8820431586096,924.7958366690633,1675.942193185351,2758.772258763073,183.3147797144833,252.15550909068995,130.7785148314173,0.00012949750150662075,1.766375,0.07637500000000008,0.6364583333333336,6410.25641025641,3,dct_smooth_regression,utterance_000000,0-0-3-1,group_0,AH,1,3,мар,"",0.1200000000000001,упӑшка,#,m,r,m,r,internal
909.6899620204829,1659.312949964541,2742.955174141241,922.1951454665347,1677.5296751513315,2747.3551574872513,185.8936031237548,252.32340764996508,137.4182146209644,0.00012949750150662075,1.768375,0.07837500000000008,0.6531250000000002,6410.25641025641,3,dct_smooth_regression,utterance_000000,0-0-3-1,group_0,AH,1,3,мар,"",0.1200000000000001,упӑшка,#,m,r,m,r,internal
908.4115439606985,1659.983109948389,2738.0409401705883,919.4185626688034,1677.889096060978,2735.198217689836,188.16105662587904,249.0385199835173,145.75180683638794,0.00012949750150662075,1.7703749999999998,0.08037499999999986,0.669791666666665,6410.25641025641,3,dct_smooth_regression,utterance_000000,0-0-3-1,group_0,AH,1,3,мар,"",0.1200000000000001,упӑшка,#,m,r,m,r,internal
910.3930273346206,1663.8703479688606,2730.9801003911057,916.5226798079127,1677.1439042022694,2722.5351059476343,190.02130264189807,242.7384078639781,155.7546223602482,0.00012949750150662075,1.772375,0.08237500000000009,0.6864583333333335,6410.25641025641,3,dct_smooth_regression,utterance_000000,0-0-3-1,group_0,AH,1,3,мар,"",0.1200000000000001,упӑшка,#,m,r,m,r,internal
914.4191789044038,1668.8125009643597,2717.6487590020597,913.5754303682129,1675.4667799354493,2709.656297161002,191.42437710402498,234.1192730470953,167.3089205960761,0.00012949750150662075,1.7743749999999998,0.08437499999999987,0.7031249999999983,6410.25641025641,3,dct_smooth_regression,utterance_000000,0-0-3-1,group_0,AH,1,3,мар,"",0.1200000000000001,упӑшка,#,m,r,m,r,internal
918.5385862294164,1671.7353631149567,2699.443531096963,910.6540180524994,1673.0705742029925,2696.896797385208,192.3670153632302,224.02469825771533,180.1713965744256,0.00012949750150662075,1.776375,0.08637500000000009,0.7197916666666668,6410.25641025641,3,dct_smooth_regression,utterance_000000,0-0-3-1,group_0,AH,1,3,мар,"",0.1200000000000001,упӑшка,#,m,r,m,r,internal
921.1018773166295,1671.686959766026,2686.116472253837,907.8419555548654,1670.19665292684,2684.6208033412086,192.88842838063644,213.32840358338674,193.94448745144535,0.00012949750150662075,1.7783749999999998,0.08837499999999987,0.7364583333333317,6410.25641025641,3,dct_smooth_regression,utterance_000000,0-0-3-1,group_0,AH,1,3,мар,"",0.1200000000000001,упӑшка,#,m,r,m,r,internal
921.0798004087794,1669.81348632289,2681.546969400694,905.2254068918269,1667.1013337957966,2673.2041547453227,193.06170325710787,202.8371010229002,208.0611237426844,0.00012949750150662075,1.780375,0.0903750000000001,0.7531250000000002,6410.25641025641,3,dct_smooth_regression,utterance_000000,0-0-3-1,group_0,AH,1,3,мар,"",0.1200000000000001,упӑшка,#,m,r,m,r,internal
916.9632892395368,1666.8602393340232,2679.0586661475586,902.8890795293728,1664.0412319090458,2663.015586591215,192.98217089591446,193.22832812437665,221.79390650204732,0.00012949750150662075,1.7823749999999998,0.09237499999999987,0.769791666666665,6410.25641025641,3,dct_smooth_regression,utterance_000000,0-0-3-1,group_0,AH,1,3,мар,"",0.1200000000000001,упӑшка,#,m,r,m,r,internal
908.9773215612626,1663.407685574801,2671.989305670973,900.9119476346676,1661.2584087120624,2654.397877078119,192.75439934118367,185.02530642263082,234.29774153747118,0.00012949750150662075,1.7843749999999998,0.09437499999999988,0.7864583333333317,6410.25641025641,3,dct_smooth_regression,utterance_000000,0-0-3-1,group_0,AH,1,3,мар,"",0.1200000000000001,упӑшка,#,m,r,m,r,internal
898.2975773981342,1660.468930967417,2656.9043892668647,899.3631023348139,1658.9662392235023,2647.6500068039936,192.4794188666994,178.60124075946177,244.68859097035264,0.00012949750150662075,1.7863749999999998,0.09637499999999988,0.8031249999999983,6410.25641025641,3,dct_smooth_regression,utterance_000000,0-0-3-1,group_0,AH,1,3,мар,"",0.1200000000000001,упӑшка,#,m,r,m,r,internal
888.0458282886326,1660.2008200040689,2634.531173148734,898.2980179140836,1657.3368740760668,2643.0113943891265,192.24346398867524,174.2010097287825,252.1507663867903,0.00012949750150662075,1.7883749999999998,0.09837499999999988,0.819791666666665,6410.25641025641,3,dct_smooth_regression,utterance_000000,0-0-3-1,group_0,AH,1,3,мар,"",0.1200000000000001,упӑшка,#,m,r,m,r,internal
878.2452585002223,1663.8124469097602,2605.7934476127384,897.7554949955601,1656.4910776554643,2640.6491557140766,192.1090850766003,171.9682224684178,256.0539956029895,0.00012949750150662075,1.7903749999999998,0.10037499999999988,0.8364583333333316,6410.25641025641,3,dct_smooth_regression,utterance_000000,0-0-3-1,group_0,AH,1,3,мар,"",0.1200000000000001,упӑшка,#,m,r,m,r,internal
